GalaxyName,ClassAuditOnly,SPARC_RadiusKpc,SPARC_RadiusFraction,THINGS_RingIndex,THINGS_RadiusCenterKpc,RadiusDeltaKpc,StressDispersionOverRotationScale,S_tau_source_percentile,S_tau_source_log,CalibrationStatus,ReadoutStatus,AbsResidualProjection,AbsResidualMONDSimple,AbsResidualRAR
DDO154,A,0.49,0.0827703,3,0.474268984,0.015731016,2.868348251,0.000000000,0.000000000,source_only_frozen_candidate_not_residual_validated,source_only_bounded_stau_sensitivity_not_model_selection,0.365666132264,0.430968848168,0.430052645338
DDO154,A,0.99,0.16723,7,1.016290679,0.026290679,2.235606942,0.000000000,0.000000000,source_only_frozen_candidate_not_residual_validated,source_only_bounded_stau_sensitivity_not_model_selection,0.230158934582,0.302515267351,0.301693606347
DDO154,A,1.48,0.25,10,1.422806951,0.057193049,1.548471645,0.000000000,0.000000000,source_only_frozen_candidate_not_residual_validated,source_only_bounded_stau_sensitivity_not_model_selection,0.0793337435799,0.163383051058,0.16268875175
DDO154,A,1.97,0.33277,14,1.964828646,0.005171354,1.174376483,0.000000000,0.000000000,source_only_frozen_candidate_not_residual_validated,source_only_bounded_stau_sensitivity_not_model_selection,0.0177012590307,0.108535919505,0.107902712713
DDO154,A,2.47,0.41723,18,2.506850342,0.036850342,1.052275860,0.000000000,0.000000000,source_only_frozen_candidate_not_residual_validated,source_only_bounded_stau_sensitivity_not_model_selection,0.0200916765074,0.0799072014676,0.079345049054
DDO154,A,2.96,0.5,21,2.913366613,0.046633387,1.107041166,0.000000000,0.000000000,source_only_frozen_candidate_not_residual_validated,source_only_bounded_stau_sensitivity_not_model_selection,0.0456008721283,0.0590339190396,0.058503525474
DDO154,A,3.46,0.584459,25,3.455388309,0.004611691,0.931621771,0.000000000,0.000000000,source_only_frozen_candidate_not_residual_validated,source_only_bounded_stau_sensitivity_not_model_selection,0.0385762994653,0.0684943642447,0.0679796742314
DDO154,A,3.95,0.66723,29,3.997410004,0.047410004,0.690359071,0.000000000,0.000000000,source_only_frozen_candidate_not_residual_validated,source_only_bounded_stau_sensitivity_not_model_selection,0.0498440734706,0.0663503824422,0.0658891988579
DDO154,A,4.44,0.75,32,4.403926276,0.036073724,0.627438919,0.000000000,0.000000000,source_only_frozen_candidate_not_residual_validated,source_only_bounded_stau_sensitivity_not_model_selection,0.0754474179634,0.055132471414,0.0547415191738
DDO154,A,4.94,0.834459,36,4.945947971,0.005947971,0.625561927,0.000000000,0.000000000,source_only_frozen_candidate_not_residual_validated,source_only_bounded_stau_sensitivity_not_model_selection,0.100820977005,0.0451698360357,0.0448393822436
DDO154,A,5.43,0.91723,40,5.487969667,0.057969667,0.546388127,0.076195961,0.037342648,source_only_frozen_candidate_not_residual_validated,source_only_bounded_stau_sensitivity_not_model_selection,0.0993865197516,0.0628245458693,0.0625454206209
DDO154,A,5.92,1,43,5.894485938,0.025514062,0.485259845,0.179583588,0.089791010,source_only_frozen_candidate_not_residual_validated,source_only_bounded_stau_sensitivity_not_model_selection,0.0757813837671,0.102696078349,0.102458770062
NGC2366,C,0.12,0.019802,1,0.148352986,0.028352986,6.541669106,0.000000000,0.000000000,source_only_frozen_candidate_not_residual_validated,source_only_bounded_stau_sensitivity_not_model_selection,0.48302212893,0.628408179995,0.628075589337
NGC2366,C,0.36,0.0594059,3,0.346156968,0.013843032,3.434442532,0.000000000,0.000000000,source_only_frozen_candidate_not_residual_validated,source_only_bounded_stau_sensitivity_not_model_selection,0.576003546643,0.644575851113,0.643705433133
NGC2366,C,0.59,0.0973597,5,0.543960950,0.046039050,3.768856713,0.000000000,0.000000000,source_only_frozen_candidate_not_residual_validated,source_only_bounded_stau_sensitivity_not_model_selection,0.414836690224,0.470179073603,0.469097364394
NGC2366,C,0.83,0.136964,7,0.741764932,0.088235068,3.477536026,0.000000000,0.000000000,source_only_frozen_candidate_not_residual_validated,source_only_bounded_stau_sensitivity_not_model_selection,0.451143810266,0.498840218566,0.497595544771
NGC2366,C,1.07,0.176568,11,1.137372896,0.067372896,2.145374989,0.000000000,0.000000000,source_only_frozen_candidate_not_residual_validated,source_only_bounded_stau_sensitivity_not_model_selection,0.358339946656,0.403104023875,0.401785461696
NGC2366,C,1.31,0.216172,13,1.335176878,0.025176878,1.999156579,0.000000000,0.000000000,source_only_frozen_candidate_not_residual_validated,source_only_bounded_stau_sensitivity_not_model_selection,0.28674799154,0.330096840063,0.328739830104
NGC2366,C,1.54,0.254125,15,1.532980860,0.007019140,1.727260413,0.000000000,0.000000000,source_only_frozen_candidate_not_residual_validated,source_only_bounded_stau_sensitivity_not_model_selection,0.201077121751,0.244807164935,0.243460703493
NGC2366,C,1.79,0.29538,18,1.829686833,0.039686833,1.498816342,0.000000000,0.000000000,source_only_frozen_candidate_not_residual_validated,source_only_bounded_stau_sensitivity_not_model_selection,0.152993723834,0.196517112913,0.19516495094
NGC2366,C,2.02,0.333333,20,2.027490814,0.007490814,1.354142162,0.000000000,0.000000000,source_only_frozen_candidate_not_residual_validated,source_only_bounded_stau_sensitivity_not_model_selection,0.139970264186,0.183016923511,0.181651446923
NGC2366,C,2.26,0.372937,22,2.225294796,0.034705204,1.121731975,0.000000000,0.000000000,source_only_frozen_candidate_not_residual_validated,source_only_bounded_stau_sensitivity_not_model_selection,0.141624175112,0.186181857306,0.184857807851
NGC2366,C,2.49,0.410891,25,2.522000769,0.032000769,1.033458465,0.000000000,0.000000000,source_only_frozen_candidate_not_residual_validated,source_only_bounded_stau_sensitivity_not_model_selection,0.100566582665,0.148428474563,0.147187757368
NGC2366,C,2.74,0.452145,27,2.719804751,0.020195249,0.802076206,0.000000000,0.000000000,source_only_frozen_candidate_not_residual_validated,source_only_bounded_stau_sensitivity_not_model_selection,0.0802062492427,0.13114105445,0.129970102051
NGC2366,C,2.97,0.490099,30,3.016510724,0.046510724,0.744084892,0.000000000,0.000000000,source_only_frozen_candidate_not_residual_validated,source_only_bounded_stau_sensitivity_not_model_selection,0.0959431652142,0.148392932415,0.147253986448
NGC2366,C,3.21,0.529703,32,3.214314706,0.004314706,0.681528951,0.000000000,0.000000000,source_only_frozen_candidate_not_residual_validated,source_only_bounded_stau_sensitivity_not_model_selection,0.109612123746,0.163734962914,0.162629711751
NGC2366,C,3.44,0.567657,34,3.412118688,0.027881312,0.641313956,0.000000000,0.000000000,source_only_frozen_candidate_not_residual_validated,source_only_bounded_stau_sensitivity_not_model_selection,0.09469227493,0.150614089242,0.149543279919
NGC2366,C,3.69,0.608911,37,3.708824660,0.018824660,0.486725841,0.177104117,0.088508101,source_only_frozen_candidate_not_residual_validated,source_only_bounded_stau_sensitivity_not_model_selection,0.0866291129963,0.145135977322,0.144111697774
NGC2366,C,3.92,0.646865,39,3.906628642,0.013371358,0.500303888,0.154139263,0.076685572,source_only_frozen_candidate_not_residual_validated,source_only_bounded_stau_sensitivity_not_model_selection,0.0860190706662,0.146810268608,0.145824467262
NGC2366,C,4.16,0.686469,42,4.203334615,0.043334615,0.512735420,0.133113535,0.065954775,source_only_frozen_candidate_not_residual_validated,source_only_bounded_stau_sensitivity_not_model_selection,0.0828452611147,0.14701583841,0.146082909753
NGC2366,C,4.4,0.726073,44,4.401138597,0.001138597,0.486309509,0.177808268,0.088872309,source_only_frozen_candidate_not_residual_validated,source_only_bounded_stau_sensitivity_not_model_selection,0.140312488742,0.207694019392,0.206807342931
NGC2366,C,4.64,0.765677,46,4.598942579,0.041057421,0.462619369,0.217875930,0.109766344,source_only_frozen_candidate_not_residual_validated,source_only_bounded_stau_sensitivity_not_model_selection,0.142434280629,0.212819580872,0.211973056058
NGC2366,C,4.87,0.80363,49,4.895648552,0.025648552,0.412301916,0.302978961,0.155291001,source_only_frozen_candidate_not_residual_validated,source_only_bounded_stau_sensitivity_not_model_selection,0.16045281194,0.232326632195,0.231498987526
NGC2366,C,5.11,0.843234,51,5.093452534,0.016547466,0.379207550,0.358952201,0.186126071,source_only_frozen_candidate_not_residual_validated,source_only_bounded_stau_sensitivity_not_model_selection,0.196226651969,0.269933781055,0.269128529264
NGC2366,C,5.35,0.882838,54,5.390158507,0.040158507,0.363881618,0.384873291,0.200657260,source_only_frozen_candidate_not_residual_validated,source_only_bounded_stau_sensitivity_not_model_selection,0.241864831584,0.318544904064,0.317774083306
NGC2366,C,5.59,0.922442,56,5.587962488,0.002037512,0.340504364,0.424411762,0.223139795,source_only_frozen_candidate_not_residual_validated,source_only_bounded_stau_sensitivity_not_model_selection,0.21400918789,0.294424389202,0.293693817442
NGC2366,C,5.82,0.960396,58,5.785766470,0.034233530,0.350925769,0.406785808,0.213069203,source_only_frozen_candidate_not_residual_validated,source_only_bounded_stau_sensitivity_not_model_selection,0.231690269701,0.316599569918,0.315913470916
NGC2366,C,6.06,1,61,6.082472443,0.022472443,0.357267929,0.396059171,0.206978494,source_only_frozen_candidate_not_residual_validated,source_only_bounded_stau_sensitivity_not_model_selection,0.225630195549,0.314218447462,0.313565898596
NGC2403,A,0.16,0.00766651,2,0.155140378,0.004859622,2.693156610,0.000000000,0.000000000,source_only_frozen_candidate_not_residual_validated,source_only_bounded_stau_sensitivity_not_model_selection,0.0509349877759,0.0380741550989,0.0444700367402
NGC2403,A,0.26,0.0124581,4,0.279252680,0.019252680,1.138456521,0.000000000,0.000000000,source_only_frozen_candidate_not_residual_validated,source_only_bounded_stau_sensitivity_not_model_selection,0.0560854593265,0.0411476842555,0.0495060404471
NGC2403,A,0.36,0.0172496,5,0.341308832,0.018691168,0.974932430,0.000000000,0.000000000,source_only_frozen_candidate_not_residual_validated,source_only_bounded_stau_sensitivity_not_model_selection,0.0108162958581,0.00583569283975,0.00411929855819
NGC2403,A,0.46,0.0220412,7,0.465421134,0.005421134,0.916981667,0.000000000,0.000000000,source_only_frozen_candidate_not_residual_validated,source_only_bounded_stau_sensitivity_not_model_selection,0.0279430423368,0.0104408560108,0.0213089012526
NGC2403,A,0.56,0.0268328,9,0.589533436,0.029533436,0.773384140,0.000000000,0.000000000,source_only_frozen_candidate_not_residual_validated,source_only_bounded_stau_sensitivity_not_model_selection,0.0737042873116,0.055963915405,0.0671144276227
NGC2403,A,0.66,0.0316243,10,0.651589587,0.008410413,0.791318218,0.000000000,0.000000000,source_only_frozen_candidate_not_residual_validated,source_only_bounded_stau_sensitivity_not_model_selection,0.0860408232462,0.0685955337157,0.0793981754248
NGC2403,A,0.76,0.0364159,12,0.775701890,0.015701890,0.714420280,0.000000000,0.000000000,source_only_frozen_candidate_not_residual_validated,source_only_bounded_stau_sensitivity_not_model_selection,0.117559688501,0.100407433068,0.110884144167
NGC2403,A,0.86,0.0412075,13,0.837758041,0.022241959,0.673924666,0.000000000,0.000000000,source_only_frozen_candidate_not_residual_validated,source_only_bounded_stau_sensitivity_not_model_selection,0.119152514488,0.102450889227,0.112456003476
NGC2403,A,0.96,0.045999,15,0.961870343,0.001870343,0.540437211,0.086260878,0.042356620,source_only_frozen_candidate_not_residual_validated,source_only_bounded_stau_sensitivity_not_model_selection,0.0825851825374,0.0662469640213,0.0758920551516
NGC2403,A,1.06,0.0507906,17,1.085982646,0.025982646,0.494274220,0.164337375,0.081922396,source_only_frozen_candidate_not_residual_validated,source_only_bounded_stau_sensitivity_not_model_selection,0.0729855326707,0.0569188782263,0.0663041179014
NGC2403,A,1.16,0.0555822,18,1.148038797,0.011961203,0.462493075,0.218089534,0.109878636,source_only_frozen_candidate_not_residual_validated,source_only_bounded_stau_sensitivity_not_model_selection,0.0624790814107,0.0466173253363,0.0558107305893
NGC2403,A,1.27,0.0608529,20,1.272151099,0.002151099,0.513954320,0.131051983,0.064907382,source_only_frozen_candidate_not_residual_validated,source_only_bounded_stau_sensitivity_not_model_selection,0.0855225396255,0.0698202669883,0.0788664755377
NGC2403,A,1.36,0.0651653,21,1.334207250,0.025792750,0.499502619,0.155494467,0.077380268,source_only_frozen_candidate_not_residual_validated,source_only_bounded_stau_sensitivity_not_model_selection,0.0852694594936,0.069539339349,0.0786111290837
NGC2403,A,1.47,0.070436,23,1.458319553,0.011680447,0.425899082,0.279981771,0.142830996,source_only_frozen_candidate_not_residual_validated,source_only_bounded_stau_sensitivity_not_model_selection,0.0626669366236,0.0470348313139,0.0560167939754
NGC2403,A,1.57,0.0752276,25,1.582431855,0.012431855,0.400589262,0.322788834,0.166120654,source_only_frozen_candidate_not_residual_validated,source_only_bounded_stau_sensitivity_not_model_selection,0.0632077832316,0.047592209483,0.0565590780219
NGC2403,A,1.67,0.0800192,26,1.644488006,0.025511994,0.392573149,0.336346665,0.173584771,source_only_frozen_candidate_not_residual_validated,source_only_bounded_stau_sensitivity_not_model_selection,0.0623570529028,0.0466868995678,0.0557036626112
NGC2403,A,1.77,0.0848107,28,1.768600309,0.001399691,0.361491720,0.388915379,0.202937933,source_only_frozen_candidate_not_residual_validated,source_only_bounded_stau_sensitivity_not_model_selection,0.0325067687522,0.0168207732664,0.0258520517734
NGC2403,A,1.87,0.0896023,30,1.892712611,0.022712611,0.364823788,0.383279778,0.199759247,source_only_frozen_candidate_not_residual_validated,source_only_bounded_stau_sensitivity_not_model_selection,0.0275455156762,0.0119079080704,0.0208948981002
NGC2403,A,1.97,0.0943939,31,1.954768762,0.015231238,0.383413985,0.351837763,0.182166002,source_only_frozen_candidate_not_residual_validated,source_only_bounded_stau_sensitivity_not_model_selection,0.0249752869539,0.00939284085846,0.0183295088704
NGC2403,A,2.08,0.0996646,33,2.078881065,0.001118935,0.396302235,0.330039579,0.170107143,source_only_frozen_candidate_not_residual_validated,source_only_bounded_stau_sensitivity_not_model_selection,0.0198972140825,0.00437086073851,0.0132565289562
NGC2403,A,2.18,0.104456,35,2.202993367,0.022993367,0.384796717,0.349499118,0.180866885,source_only_frozen_candidate_not_residual_validated,source_only_bounded_stau_sensitivity_not_model_selection,0.0116076612412,0.0271114749059,0.0182462534243
NGC2403,A,2.28,0.109248,36,2.265049518,0.014950482,0.400748583,0.322519371,0.165972737,source_only_frozen_candidate_not_residual_validated,source_only_bounded_stau_sensitivity_not_model_selection,0.0232291108668,0.0385109176958,0.0298458258266
NGC2403,A,2.37,0.11356,38,2.389161821,0.019161821,0.405068447,0.315213089,0.161968491,source_only_frozen_candidate_not_residual_validated,source_only_bounded_stau_sensitivity_not_model_selection,0.0263760797633,0.0413261332202,0.0329568779485
NGC2403,A,2.47,0.118352,39,2.451217972,0.018782028,0.408998554,0.308566011,0.158336207,source_only_frozen_candidate_not_residual_validated,source_only_bounded_stau_sensitivity_not_model_selection,0.0399374078359,0.0545373031829,0.0464783363053
NGC2403,A,2.57,0.123143,41,2.575330274,0.005330274,0.375389229,0.365410212,0.189731230,source_only_frozen_candidate_not_residual_validated,source_only_bounded_stau_sensitivity_not_model_selection,0.0337554884008,0.0480437255692,0.0402616118734
NGC2403,A,2.68,0.128414,43,2.699442576,0.019442576,0.371978715,0.371178491,0.192959819,source_only_frozen_candidate_not_residual_validated,source_only_bounded_stau_sensitivity_not_model_selection,0.0370606207365,0.0510123360716,0.0435329927319
NGC2403,A,2.78,0.133206,44,2.761498728,0.018501272,0.390793036,0.339357410,0.175248134,source_only_frozen_candidate_not_residual_validated,source_only_bounded_stau_sensitivity_not_model_selection,0.0403228315592,0.0540004421081,0.0467736003459
NGC2403,A,2.88,0.137997,46,2.885611030,0.005611030,0.431732727,0.270115197,0.137521614,source_only_frozen_candidate_not_residual_validated,source_only_bounded_stau_sensitivity_not_model_selection,0.0345299378262,0.0479601503137,0.0409687709997
NGC2403,A,2.98,0.142789,48,3.009723332,0.029723332,0.409418307,0.307856073,0.157948861,source_only_frozen_candidate_not_residual_validated,source_only_bounded_stau_sensitivity_not_model_selection,0.0297449441104,0.0429673969601,0.0361821442929
NGC2403,A,3.08,0.14758,49,3.071779484,0.008220516,0.393570370,0.334660043,0.172653883,source_only_frozen_candidate_not_residual_validated,source_only_bounded_stau_sensitivity_not_model_selection,0.0159491134778,0.0290119316868,0.0223925453935
NGC2403,A,3.19,0.152851,51,3.195891786,0.005891786,0.365303973,0.382467631,0.199301806,source_only_frozen_candidate_not_residual_validated,source_only_bounded_stau_sensitivity_not_model_selection,0.0324834053174,0.0453921458616,0.038941532818
NGC2403,A,3.29,0.157643,53,3.320004088,0.030004088,0.361222313,0.389371033,0.203195279,source_only_frozen_candidate_not_residual_validated,source_only_bounded_stau_sensitivity_not_model_selection,0.0409322582695,0.0537484178092,0.0474047435993
NGC2403,A,3.39,0.162434,54,3.382060239,0.007939761,0.343023263,0.420151492,0.220698532,source_only_frozen_candidate_not_residual_validated,source_only_bounded_stau_sensitivity_not_model_selection,0.0304609967972,0.0432039597044,0.036948662429
NGC2403,A,3.49,0.167226,56,3.506172542,0.016172542,0.325458326,0.449859462,0.237818317,source_only_frozen_candidate_not_residual_validated,source_only_bounded_stau_sensitivity_not_model_selection,0.000835890824111,0.0135069829866,0.00734258808351
NGC2403,A,3.59,0.172017,57,3.568228693,0.021771307,0.321958673,0.455778503,0.241256370,source_only_frozen_candidate_not_residual_validated,source_only_bounded_stau_sensitivity_not_model_selection,0.0204865185833,0.00790131321613,0.0139501640036
NGC2403,A,3.69,0.176809,59,3.692340995,0.002340995,0.309186978,0.477379556,0.253880943,source_only_frozen_candidate_not_residual_validated,source_only_bounded_stau_sensitivity_not_model_selection,0.0303075553208,0.0177786942923,0.0237463885876
NGC2403,A,3.79,0.1816,61,3.816453298,0.026453298,0.295772101,0.500068437,0.267274603,source_only_frozen_candidate_not_residual_validated,source_only_bounded_stau_sensitivity_not_model_selection,0.0421535375933,0.0296946164118,0.0355534572097
NGC2403,A,3.9,0.186871,62,3.878509449,0.021490551,0.318120199,0.462270600,0.245037761,source_only_frozen_candidate_not_residual_validated,source_only_bounded_stau_sensitivity_not_model_selection,0.0722248784692,0.0598460220464,0.0655638389648
NGC2403,A,3.99,0.191184,64,4.002621751,0.012621751,0.321040834,0.457330865,0.242159560,source_only_frozen_candidate_not_residual_validated,source_only_bounded_stau_sensitivity_not_model_selection,0.0691821776942,0.0568598735866,0.0624603907063
NGC2403,A,4.47,0.214183,72,4.499070961,0.029070961,0.375216169,0.365702912,0.189894865,source_only_frozen_candidate_not_residual_validated,source_only_bounded_stau_sensitivity_not_model_selection,0.0526552108714,0.0404463643588,0.0455074193381
NGC2403,A,4.97,0.238141,80,4.995520170,0.025520170,0.364675000,0.383531427,0.199901021,source_only_frozen_candidate_not_residual_validated,source_only_bounded_stau_sensitivity_not_model_selection,0.0659144097365,0.0535100493733,0.0580626494889
NGC2403,A,5.47,0.262099,88,5.491969380,0.021969380,0.319985678,0.459115474,0.243198651,source_only_frozen_candidate_not_residual_validated,source_only_bounded_stau_sensitivity_not_model_selection,0.0825889841435,0.0696425345409,0.0737407383229
NGC2403,A,5.96,0.285577,96,5.988418589,0.028418589,0.309609109,0.476665596,0.253461710,source_only_frozen_candidate_not_residual_validated,source_only_bounded_stau_sensitivity_not_model_selection,0.0887490844924,0.0748450949247,0.0785190448151
NGC2403,A,6.46,0.309535,104,6.484867799,0.024867799,0.286400403,0.515918999,0.276714007,source_only_frozen_candidate_not_residual_validated,source_only_bounded_stau_sensitivity_not_model_selection,0.0964691953363,0.0812017895301,0.0844993977407
NGC2403,A,6.96,0.333493,112,6.981317008,0.021317008,0.280961947,0.525117181,0.282223336,source_only_frozen_candidate_not_residual_validated,source_only_bounded_stau_sensitivity_not_model_selection,0.0929375923151,0.0761705567269,0.0791782927493
NGC2403,A,7.45,0.356972,120,7.477766217,0.027766217,0.243910110,0.587783779,0.320392372,source_only_frozen_candidate_not_residual_validated,source_only_bounded_stau_sensitivity_not_model_selection,0.0895939302973,0.0711737448084,0.0739384846742
NGC2403,A,7.95,0.38093,128,7.974215427,0.024215427,0.216052821,0.634899433,0.349845979,source_only_frozen_candidate_not_residual_validated,source_only_bounded_stau_sensitivity_not_model_selection,0.0861013669204,0.0658583438805,0.0684104072861
NGC2403,A,8.45,0.404887,136,8.470664636,0.020664636,0.218554939,0.630667545,0.347173043,source_only_frozen_candidate_not_residual_validated,source_only_bounded_stau_sensitivity_not_model_selection,0.088364411115,0.066353298166,0.0687354069453
NGC2403,A,8.94,0.428366,144,8.967113846,0.027113846,0.211708254,0.642247496,0.354500240,source_only_frozen_candidate_not_residual_validated,source_only_bounded_stau_sensitivity_not_model_selection,0.0898073229029,0.0660894137361,0.06833150384
NGC2403,A,9.44,0.452324,152,9.463563055,0.023563055,0.204854186,0.653839935,0.361876924,source_only_frozen_candidate_not_residual_validated,source_only_bounded_stau_sensitivity_not_model_selection,0.0836792470455,0.0581691491874,0.0602833014492
NGC2403,A,9.94,0.476282,160,9.960012265,0.020012265,0.178812178,0.697885364,0.390292464,source_only_frozen_candidate_not_residual_validated,source_only_bounded_stau_sensitivity_not_model_selection,0.0712461631166,0.0437929509502,0.0457855145404
NGC2403,A,10.43,0.49976,168,10.456461474,0.026461474,0.165470365,0.720450670,0.405094424,source_only_frozen_candidate_not_residual_validated,source_only_bounded_stau_sensitivity_not_model_selection,0.0638507462517,0.0347732302884,0.0366750998476
NGC2403,A,10.93,0.523718,176,10.952910684,0.022910684,0.149951205,0.746698571,0.422526708,source_only_frozen_candidate_not_residual_validated,source_only_bounded_stau_sensitivity_not_model_selection,0.0654352173765,0.0345958582768,0.036408599733
NGC2403,A,11.43,0.547676,184,11.449359893,0.019359893,0.136603775,0.769273377,0.437708763,source_only_frozen_candidate_not_residual_validated,source_only_bounded_stau_sensitivity_not_model_selection,0.0763637507657,0.0436014641486,0.0453261216601
NGC2403,A,11.92,0.571155,192,11.945809103,0.025809103,0.130575590,0.779468981,0.444624069,source_only_frozen_candidate_not_residual_validated,source_only_bounded_stau_sensitivity_not_model_selection,0.0740419207207,0.0391577102115,0.040794493649
NGC2403,A,12.42,0.595113,200,12.442258312,0.022258312,0.129466453,0.781344889,0.445900444,source_only_frozen_candidate_not_residual_validated,source_only_bounded_stau_sensitivity_not_model_selection,0.0858225942752,0.0489066163188,0.0504669908923
NGC2403,A,12.92,0.61907,208,12.938707521,0.018707521,0.118291938,0.800244596,0.458830258,source_only_frozen_candidate_not_residual_validated,source_only_bounded_stau_sensitivity_not_model_selection,0.0910807522211,0.0519962674967,0.0534821775639
NGC2403,A,13.42,0.643028,216,13.435156731,0.015156731,0.115192992,0.805485912,0.462438876,source_only_frozen_candidate_not_residual_validated,source_only_bounded_stau_sensitivity_not_model_selection,0.0924890490067,0.0507545764926,0.0521579327086
NGC2403,A,13.91,0.666507,224,13.931605940,0.021605940,0.109968108,0.814322875,0.468545843,source_only_frozen_candidate_not_residual_validated,source_only_bounded_stau_sensitivity_not_model_selection,0.0958445174432,0.0512133509688,0.0525354421739
NGC2403,A,14.41,0.690465,232,14.428055150,0.018055150,0.107258927,0.818904973,0.471723725,source_only_frozen_candidate_not_residual_validated,source_only_bounded_stau_sensitivity_not_model_selection,0.0979967555328,0.0505517172267,0.0518024425731
NGC2403,A,14.91,0.714423,240,14.924504359,0.014504359,0.099787040,0.831542342,0.480528742,source_only_frozen_candidate_not_residual_validated,source_only_bounded_stau_sensitivity_not_model_selection,0.107539169197,0.0572737839663,0.0584593611734
NGC2403,A,15.4,0.737901,248,15.420953569,0.020953569,0.094436229,0.840592288,0.486871079,source_only_frozen_candidate_not_residual_validated,source_only_bounded_stau_sensitivity_not_model_selection,0.110548736021,0.0573492236595,0.0584728634296
NGC2403,A,15.9,0.761859,256,15.917402778,0.017402778,0.091033119,0.846348044,0.490920951,source_only_frozen_candidate_not_residual_validated,source_only_bounded_stau_sensitivity_not_model_selection,0.106954747301,0.0506072811943,0.05167019668
NGC2403,A,16.4,0.785817,264,16.413851988,0.013851988,0.085565983,0.855594733,0.497453640,source_only_frozen_candidate_not_residual_validated,source_only_bounded_stau_sensitivity_not_model_selection,0.119059909571,0.0594198624055,0.0604247607863
NGC2403,A,16.89,0.809296,272,16.910301197,0.020301197,0.087460695,0.852390165,0.495185928,source_only_frozen_candidate_not_residual_validated,source_only_bounded_stau_sensitivity_not_model_selection,0.125846925082,0.0625635626095,0.0635099337163
NGC2403,A,17.39,0.833253,280,17.406750407,0.016750407,0.081772292,0.862011087,0.502006091,source_only_frozen_candidate_not_residual_validated,source_only_bounded_stau_sensitivity_not_model_selection,0.146699869517,0.0798089915044,0.0807025032026
NGC2403,A,17.89,0.857211,288,17.903199616,0.013199616,0.080041542,0.864938344,0.504088307,source_only_frozen_candidate_not_residual_validated,source_only_bounded_stau_sensitivity_not_model_selection,0.153879853394,0.0831391733807,0.0839811317612
NGC2403,A,18.38,0.88069,296,18.399648825,0.019648825,0.075975862,0.871814719,0.508992766,source_only_frozen_candidate_not_residual_validated,source_only_bounded_stau_sensitivity_not_model_selection,0.153658029778,0.0790820136214,0.0798769688146
NGC2403,A,18.88,0.904648,304,18.896098035,0.016098035,0.074585407,0.874166426,0.510674336,source_only_frozen_candidate_not_residual_validated,source_only_bounded_stau_sensitivity_not_model_selection,0.14630356067,0.0677251298912,0.0684750968945
NGC2403,A,19.38,0.928606,312,19.392547244,0.012547244,0.077715516,0.868872403,0.506891945,source_only_frozen_candidate_not_residual_validated,source_only_bounded_stau_sensitivity_not_model_selection,0.157640629408,0.0757598561821,0.0764754750773
NGC2403,A,19.87,0.952084,320,19.888996454,0.018996454,0.072611337,0.877505215,0.513065451,source_only_frozen_candidate_not_residual_validated,source_only_bounded_stau_sensitivity_not_model_selection,0.172275835382,0.0879504476171,0.0886420990305
NGC2403,A,20.37,0.976042,328,20.385445663,0.015445663,0.066441830,0.887939840,0.520566806,source_only_frozen_candidate_not_residual_validated,source_only_bounded_stau_sensitivity_not_model_selection,0.164750279171,0.0779500152613,0.0786185679795
NGC2403,A,20.87,1,336,20.881894873,0.011894873,0.066620603,0.887637477,0.520348830,source_only_frozen_candidate_not_residual_validated,source_only_bounded_stau_sensitivity_not_model_selection,0.156801500867,0.0676295297098,0.0682769724962
NGC2976,C,0.11,0.0484581,2,0.152716310,0.042716310,3.538610395,0.000000000,0.000000000,source_only_frozen_candidate_not_residual_validated,source_only_bounded_stau_sensitivity_not_model_selection,0.745539797924,0.762667411112,0.759718059139
NGC2976,C,0.17,0.0748899,2,0.152716310,0.017283690,3.538610395,0.000000000,0.000000000,source_only_frozen_candidate_not_residual_validated,source_only_bounded_stau_sensitivity_not_model_selection,0.654975891616,0.670858504178,0.667690612903
NGC2976,C,0.24,0.105727,3,0.213802833,0.026197167,1.444171362,0.000000000,0.000000000,source_only_frozen_candidate_not_residual_validated,source_only_bounded_stau_sensitivity_not_model_selection,0.480908015418,0.495223042755,0.491680121272
NGC2976,C,0.31,0.136564,5,0.335975881,0.025975881,1.291040375,0.000000000,0.000000000,source_only_frozen_candidate_not_residual_validated,source_only_bounded_stau_sensitivity_not_model_selection,0.288233860633,0.301801078314,0.298002312398
NGC2976,C,0.38,0.167401,6,0.397062405,0.017062405,1.067359700,0.000000000,0.000000000,source_only_frozen_candidate_not_residual_validated,source_only_bounded_stau_sensitivity_not_model_selection,0.130286148187,0.143469547649,0.139500021417
NGC2976,C,0.45,0.198238,7,0.458148929,0.008148929,1.081316091,0.000000000,0.000000000,source_only_frozen_candidate_not_residual_validated,source_only_bounded_stau_sensitivity_not_model_selection,0.134754119222,0.147649629309,0.14352043097
NGC2976,C,0.52,0.229075,8,0.519235452,0.000764548,1.188489947,0.000000000,0.000000000,source_only_frozen_candidate_not_residual_validated,source_only_bounded_stau_sensitivity_not_model_selection,0.223813633404,0.236448731152,0.232133248935
NGC2976,C,0.59,0.259912,9,0.580321976,0.009678024,1.274017267,0.000000000,0.000000000,source_only_frozen_candidate_not_residual_validated,source_only_bounded_stau_sensitivity_not_model_selection,0.204857477953,0.217291501861,0.212776336424
NGC2976,C,0.66,0.290749,10,0.641408500,0.018591500,1.131048394,0.000000000,0.000000000,source_only_frozen_candidate_not_residual_validated,source_only_bounded_stau_sensitivity_not_model_selection,0.16321604285,0.175525627371,0.170825146055
NGC2976,C,0.73,0.321586,11,0.702495024,0.027504976,0.901213429,0.000000000,0.000000000,source_only_frozen_candidate_not_residual_validated,source_only_bounded_stau_sensitivity_not_model_selection,0.123340605728,0.135580992777,0.130708618507
NGC2976,C,0.8,0.352423,13,0.824668072,0.024668072,0.556863514,0.058478706,0.028563257,source_only_frozen_candidate_not_residual_validated,source_only_bounded_stau_sensitivity_not_model_selection,0.0964768094756,0.108687915335,0.103657879794
NGC2976,C,0.87,0.38326,14,0.885754595,0.015754595,0.803178512,0.000000000,0.000000000,source_only_frozen_candidate_not_residual_validated,source_only_bounded_stau_sensitivity_not_model_selection,0.0808040738047,0.0930146940604,0.0878269838332
NGC2976,C,0.94,0.414097,15,0.946841119,0.006841119,0.782817867,0.000000000,0.000000000,source_only_frozen_candidate_not_residual_validated,source_only_bounded_stau_sensitivity_not_model_selection,0.0693745187549,0.0816210184715,0.0762322166505
NGC2976,C,1.01,0.444934,16,1.007927643,0.002072357,0.757461018,0.000000000,0.000000000,source_only_frozen_candidate_not_residual_validated,source_only_bounded_stau_sensitivity_not_model_selection,0.12524693415,0.137612694962,0.131920358003
NGC2976,C,1.08,0.475771,17,1.069014167,0.010985833,0.729353277,0.000000000,0.000000000,source_only_frozen_candidate_not_residual_validated,source_only_bounded_stau_sensitivity_not_model_selection,0.138239171195,0.150808511623,0.144782020811
NGC2976,C,1.14,0.502203,18,1.130100691,0.009899309,0.683220771,0.000000000,0.000000000,source_only_frozen_candidate_not_residual_validated,source_only_bounded_stau_sensitivity_not_model_selection,0.0768930450513,0.0896751489342,0.0833721225356
NGC2976,C,1.21,0.53304,19,1.191187214,0.018812786,0.721702278,0.000000000,0.000000000,source_only_frozen_candidate_not_residual_validated,source_only_bounded_stau_sensitivity_not_model_selection,0.0224974428694,0.0356272089896,0.0289373109606
NGC2976,C,1.29,0.568282,21,1.313360262,0.023360262,0.782920950,0.000000000,0.000000000,source_only_frozen_candidate_not_residual_validated,source_only_bounded_stau_sensitivity_not_model_selection,0.0199716189851,0.0335285241623,0.0264154553555
NGC2976,C,1.35,0.594714,22,1.374446786,0.024446786,0.602744465,0.000000000,0.000000000,source_only_frozen_candidate_not_residual_validated,source_only_bounded_stau_sensitivity_not_model_selection,0.0320468168895,0.0459330823519,0.0385134232696
NGC2976,C,1.42,0.625551,23,1.435533310,0.015533310,0.569950038,0.036345176,0.017678105,source_only_frozen_candidate_not_residual_validated,source_only_bounded_stau_sensitivity_not_model_selection,0.0472209852289,0.0614235228081,0.0537179948898
NGC2976,C,1.49,0.656388,24,1.496619834,0.006619834,0.590801589,0.001078482,0.000520213,source_only_frozen_candidate_not_residual_validated,source_only_bounded_stau_sensitivity_not_model_selection,0.0527814689969,0.0672661204431,0.0593093172626
NGC2976,C,1.56,0.687225,25,1.557706357,0.002293643,0.533650086,0.097740094,0.048098843,source_only_frozen_candidate_not_residual_validated,source_only_bounded_stau_sensitivity_not_model_selection,0.0537786884403,0.0685138755162,0.060335086179
NGC2976,C,1.63,0.718062,26,1.618792881,0.011207119,0.546224485,0.076472733,0.037480267,source_only_frozen_candidate_not_residual_validated,source_only_bounded_stau_sensitivity_not_model_selection,0.0409057807142,0.055763424376,0.0474761432104
NGC2976,C,1.74,0.76652,28,1.740965929,0.000965929,0.465045651,0.213772306,0.107610935,source_only_frozen_candidate_not_residual_validated,source_only_bounded_stau_sensitivity_not_model_selection,0.0278523910825,0.0427011447119,0.0344217438554
NGC2976,C,1.93,0.85022,31,1.924225500,0.005774500,0.434925360,0.264715426,0.134625051,source_only_frozen_candidate_not_residual_validated,source_only_bounded_stau_sensitivity_not_model_selection,0.0272181367091,0.0411128041961,0.0336854646318
NGC2976,C,2.1,0.92511,34,2.107485072,0.007485072,0.467053297,0.210376729,0.105830122,source_only_frozen_candidate_not_residual_validated,source_only_bounded_stau_sensitivity_not_model_selection,0.0319179730851,0.0187967808631,0.0254777304082
NGC2976,C,2.27,1,37,2.290744643,0.020744643,0.446137633,0.245751858,0.124503368,source_only_frozen_candidate_not_residual_validated,source_only_bounded_stau_sensitivity_not_model_selection,0.00870596102997,0.0213350933137,0.0152260750753
NGC3198,A,0.32,0.00725953,1,0.602138592,0.282138592,2.502491513,0.000000000,0.000000000,source_only_frozen_candidate_not_residual_validated,source_only_bounded_stau_sensitivity_not_model_selection,0.761151181963,0.780859789759,0.765523463828
NGC3198,A,0.64,0.0145191,1,0.602138592,0.037861408,2.502491513,0.000000000,0.000000000,source_only_frozen_candidate_not_residual_validated,source_only_bounded_stau_sensitivity_not_model_selection,0.388504358935,0.407066167319,0.394790554569
NGC3198,A,0.96,0.0217786,2,1.003564320,0.043564320,1.606997009,0.000000000,0.000000000,source_only_frozen_candidate_not_residual_validated,source_only_bounded_stau_sensitivity_not_model_selection,0.44694725452,0.463967581125,0.453632291795
NGC3198,A,1.28,0.0290381,3,1.404990048,0.124990048,1.170069535,0.000000000,0.000000000,source_only_frozen_candidate_not_residual_validated,source_only_bounded_stau_sensitivity_not_model_selection,0.271992817869,0.287674013255,0.278647134479
NGC3198,A,1.61,0.0365245,4,1.806415776,0.196415776,0.881996879,0.000000000,0.000000000,source_only_frozen_candidate_not_residual_validated,source_only_bounded_stau_sensitivity_not_model_selection,0.159475542028,0.173837076224,0.1659896584
NGC3198,A,1.93,0.043784,4,1.806415776,0.123584224,0.881996879,0.000000000,0.000000000,source_only_frozen_candidate_not_residual_validated,source_only_bounded_stau_sensitivity_not_model_selection,0.0706802778264,0.0838326418918,0.0771192670644
NGC3198,A,2.24,0.0508167,5,2.207841504,0.032158496,0.852500824,0.000000000,0.000000000,source_only_frozen_candidate_not_residual_validated,source_only_bounded_stau_sensitivity_not_model_selection,0.0619976335101,0.0748777917414,0.0684596839589
NGC3198,A,2.57,0.0583031,6,2.609267232,0.039267232,0.876681765,0.000000000,0.000000000,source_only_frozen_candidate_not_residual_validated,source_only_bounded_stau_sensitivity_not_model_selection,0.0418120868459,0.0543335219462,0.0483769136841
NGC3198,A,2.89,0.0655626,7,3.010692960,0.120692960,0.769817441,0.000000000,0.000000000,source_only_frozen_candidate_not_residual_validated,source_only_bounded_stau_sensitivity_not_model_selection,0.0530530332054,0.0407947022072,0.046224509705
NGC3198,A,3.21,0.0728221,7,3.010692960,0.199307040,0.769817441,0.000000000,0.000000000,source_only_frozen_candidate_not_residual_validated,source_only_bounded_stau_sensitivity_not_model_selection,0.024540729826,0.0122811528147,0.0177150097145
NGC3198,A,3.54,0.0803085,8,3.412118688,0.127881312,0.821380502,0.000000000,0.000000000,source_only_frozen_candidate_not_residual_validated,source_only_bounded_stau_sensitivity_not_model_selection,0.0257429196116,0.0133851961167,0.019061453451
NGC3198,A,3.85,0.0873412,9,3.813544416,0.036455584,0.803746727,0.000000000,0.000000000,source_only_frozen_candidate_not_residual_validated,source_only_bounded_stau_sensitivity_not_model_selection,0.0203879558544,0.00788239573859,0.0138149593719
NGC3198,A,4.17,0.0946007,10,4.214970144,0.044970144,0.903928601,0.000000000,0.000000000,source_only_frozen_candidate_not_residual_validated,source_only_bounded_stau_sensitivity_not_model_selection,0.000631187970432,0.0120270005868,0.00587943634392
NGC3198,A,4.5,0.102087,11,4.616395872,0.116395872,0.869383739,0.000000000,0.000000000,source_only_frozen_candidate_not_residual_validated,source_only_bounded_stau_sensitivity_not_model_selection,0.0235958141248,0.0362897495167,0.0300959607938
NGC3198,A,4.82,0.109347,12,5.017821599,0.197821599,0.733764026,0.000000000,0.000000000,source_only_frozen_candidate_not_residual_validated,source_only_bounded_stau_sensitivity_not_model_selection,0.00302813173205,0.00971479412393,0.00345954257937
NGC3198,A,5.15,0.116833,12,5.017821599,0.132178401,0.733764026,0.000000000,0.000000000,source_only_frozen_candidate_not_residual_validated,source_only_bounded_stau_sensitivity_not_model_selection,0.00922832355956,0.00350612085507,0.00273863368285
NGC3198,A,5.46,0.123866,13,5.419247327,0.040752673,0.720296019,0.000000000,0.000000000,source_only_frozen_candidate_not_residual_validated,source_only_bounded_stau_sensitivity_not_model_selection,0.00500241340805,0.017737374487,0.0114919788543
NGC3198,A,5.78,0.131125,14,5.820673055,0.040673055,0.659970906,0.000000000,0.000000000,source_only_frozen_candidate_not_residual_validated,source_only_bounded_stau_sensitivity_not_model_selection,0.00927094231959,0.0219810558387,0.0157667424588
NGC3198,A,6.1,0.138385,15,6.222098783,0.122098783,0.626596121,0.000000000,0.000000000,source_only_frozen_candidate_not_residual_validated,source_only_bounded_stau_sensitivity_not_model_selection,0.0115701238334,0.024245296781,0.0180756139632
NGC3198,A,6.43,0.145871,16,6.623524511,0.193524511,0.633824922,0.000000000,0.000000000,source_only_frozen_candidate_not_residual_validated,source_only_bounded_stau_sensitivity_not_model_selection,0.0185316997905,0.0311485555524,0.0250561109183
NGC3198,A,6.74,0.152904,16,6.623524511,0.116475489,0.633824922,0.000000000,0.000000000,source_only_frozen_candidate_not_residual_validated,source_only_bounded_stau_sensitivity_not_model_selection,0.0157830301321,0.0282754673399,0.0223631578546
NGC3198,A,7.06,0.160163,17,7.024950239,0.035049761,0.607081035,0.000000000,0.000000000,source_only_frozen_candidate_not_residual_validated,source_only_bounded_stau_sensitivity_not_model_selection,0.00487686069489,0.0172095113833,0.0115859411968
NGC3198,A,8.04,0.182396,20,8.229227423,0.189227423,0.546010836,0.076834082,0.037659963,source_only_frozen_candidate_not_residual_validated,source_only_bounded_stau_sensitivity_not_model_selection,0.000897338185769,0.0131595885024,0.00835365430482
NGC3198,A,9.04,0.205082,22,9.032078879,0.007921121,0.474796100,0.197281154,0.098984886,source_only_frozen_candidate_not_residual_validated,source_only_bounded_stau_sensitivity_not_model_selection,0.00255895357015,0.0102864498123,0.00612532506362
NGC3198,A,10.04,0.227768,25,10.236356063,0.196356063,0.434146708,0.266032377,0.135330900,source_only_frozen_candidate_not_residual_validated,source_only_bounded_stau_sensitivity_not_model_selection,0.0168644666055,0.00314632192507,0.00688681966533
NGC3198,A,11.04,0.250454,27,11.039207519,0.000792481,0.441634193,0.253368627,0.128559308,source_only_frozen_candidate_not_residual_validated,source_only_bounded_stau_sensitivity_not_model_selection,0.0194265776766,0.00476530496483,0.00821121498905
NGC3198,A,12.05,0.273367,30,12.243484703,0.193484703,0.356287611,0.397717205,0.207918083,source_only_frozen_candidate_not_residual_validated,source_only_bounded_stau_sensitivity_not_model_selection,0.0113195802606,0.00448645121729,0.00130334825465
NGC3198,A,14.05,0.318739,35,14.250613343,0.200613343,0.286078564,0.516463332,0.277039391,source_only_frozen_candidate_not_residual_validated,source_only_bounded_stau_sensitivity_not_model_selection,0.01060778516,0.00893048457746,0.00630153811022
NGC3198,A,16.07,0.364564,40,16.257741982,0.187741982,0.225762266,0.618477632,0.339504241,source_only_frozen_candidate_not_residual_validated,source_only_bounded_stau_sensitivity_not_model_selection,0.00170421218019,0.0243066618884,0.0222253824439
NGC3198,A,18.13,0.411298,45,18.264870622,0.134870622,0.242881858,0.589522885,0.321467771,source_only_frozen_candidate_not_residual_validated,source_only_bounded_stau_sensitivity_not_model_selection,0.0108651987465,0.0221484736816,0.020434705282
NGC3198,A,20.05,0.454855,49,19.870573534,0.179426466,0.202541826,0.657750881,0.364375069,source_only_frozen_candidate_not_residual_validated,source_only_bounded_stau_sensitivity_not_model_selection,0.0153521959308,0.0234025980193,0.0219057952683
NGC3198,A,22.12,0.501815,55,22.279127902,0.159127902,0.214610214,0.637339347,0.351389573,source_only_frozen_candidate_not_residual_validated,source_only_bounded_stau_sensitivity_not_model_selection,0.0119052769167,0.0338357819878,0.0325426638203
NGC3198,A,24.03,0.545145,59,23.884830814,0.145169186,0.194488906,0.671370964,0.373112647,source_only_frozen_candidate_not_residual_validated,source_only_bounded_stau_sensitivity_not_model_selection,0.00246543809231,0.0551462615923,0.0540120692952
NGC3198,A,26.1,0.592105,65,26.293385181,0.193385181,0.189017529,0.680624826,0.379082872,source_only_frozen_candidate_not_residual_validated,source_only_bounded_stau_sensitivity_not_model_selection,0.0103783024023,0.0694838316044,0.068469864875
NGC3198,A,28.16,0.638838,70,28.300513821,0.140513821,0.179883962,0.696072631,0.389110662,source_only_frozen_candidate_not_residual_validated,source_only_bounded_stau_sensitivity_not_model_selection,0.0206426055776,0.0856138596621,0.0846928084957
NGC3198,A,30.08,0.682396,74,29.906216733,0.173783267,0.169712260,0.713276258,0.400369997,source_only_frozen_candidate_not_residual_validated,source_only_bounded_stau_sensitivity_not_model_selection,0.0287752761534,0.10065574013,0.0998281782953
NGC3198,A,32.14,0.729129,80,32.314771101,0.174771101,0.162388316,0.725663408,0.408537867,source_only_frozen_candidate_not_residual_validated,source_only_bounded_stau_sensitivity_not_model_selection,0.0131309938494,0.0929666483146,0.0922300372214
NGC3198,A,34.06,0.772686,84,33.920474013,0.139525987,0.151122655,0.744717272,0.421202662,source_only_frozen_candidate_not_residual_validated,source_only_bounded_stau_sensitivity_not_model_selection,0.00452624947119,0.0904794605635,0.0898031289115
NGC3198,A,36.12,0.819419,89,35.927602652,0.192397348,0.150516119,0.745743119,0.421888039,source_only_frozen_candidate_not_residual_validated,source_only_bounded_stau_sensitivity_not_model_selection,0.00905990808257,0.100098137452,0.0994666429544
NGC3198,A,38.19,0.866379,95,38.336157020,0.146157020,0.148166431,0.749717199,0.424546565,source_only_frozen_candidate_not_residual_validated,source_only_bounded_stau_sensitivity_not_model_selection,0.00642048790065,0.102456200414,0.101864767963
NGC3198,A,40.1,0.90971,99,39.941859932,0.158140068,0.135922027,0.770426433,0.438488997,source_only_frozen_candidate_not_residual_validated,source_only_bounded_stau_sensitivity_not_model_selection,0.00359074656563,0.1040447895,0.103485869835
NGC3198,A,42.17,0.95667,105,42.350414300,0.180414300,0.143922618,0.756894855,0.429361993,source_only_frozen_candidate_not_residual_validated,source_only_bounded_stau_sensitivity_not_model_selection,0.0135498933698,0.117332773871,0.116796733128
NGC3198,A,44.08,1,109,43.956117211,0.123882789,0.132950076,0.775452960,0.441895757,source_only_frozen_candidate_not_residual_validated,source_only_bounded_stau_sensitivity_not_model_selection,0.0109304504531,0.121751709509,0.121259982497
NGC5055,C,0.72,0.0131892,2,0.612077272,0.107922728,0.840114186,0.000000000,0.000000000,source_only_frozen_candidate_not_residual_validated,source_only_bounded_stau_sensitivity_not_model_selection,0.174382036136,0.186473572357,0.163629293449
NGC5055,C,1.43,0.0261953,5,1.346569999,0.083430001,0.414187941,0.299789085,0.153555560,source_only_frozen_candidate_not_residual_validated,source_only_bounded_stau_sensitivity_not_model_selection,0.106153163913,0.120795648686,0.0982152621793
NGC5055,C,2.16,0.0395677,8,2.081062726,0.078937274,0.309097386,0.477531085,0.253969937,source_only_frozen_candidate_not_residual_validated,source_only_bounded_stau_sensitivity_not_model_selection,0.117127247291,0.13342904523,0.1116414541
NGC5055,C,2.87,0.0525737,11,2.815555453,0.054444547,0.269234648,0.544951823,0.294183498,source_only_frozen_candidate_not_residual_validated,source_only_bounded_stau_sensitivity_not_model_selection,0.110933857667,0.128258434799,0.107249345177
NGC5055,C,3.59,0.065763,14,3.550048180,0.039951820,0.192977907,0.673926550,0.374758672,source_only_frozen_candidate_not_residual_validated,source_only_bounded_stau_sensitivity_not_model_selection,0.110981516993,0.129773829059,0.110522712396
NGC5055,C,4.3,0.078769,17,4.284540907,0.015459093,0.183504907,0.689948446,0.385125952,source_only_frozen_candidate_not_residual_validated,source_only_bounded_stau_sensitivity_not_model_selection,0.134239652377,0.153678077172,0.135816841192
NGC5055,C,5.03,0.0921414,20,5.019033634,0.010966366,0.179589327,0.696570954,0.389435434,source_only_frozen_candidate_not_residual_validated,source_only_bounded_stau_sensitivity_not_model_selection,0.128968126487,0.148664077516,0.131924403937
NGC5055,C,5.75,0.105331,23,5.753526361,0.003526361,0.166707961,0.718357496,0.403714273,source_only_frozen_candidate_not_residual_validated,source_only_bounded_stau_sensitivity_not_model_selection,0.121495997172,0.141239273812,0.125391831988
NGC5055,C,6.46,0.118337,26,6.488019087,0.028019087,0.156229173,0.736080504,0.415446654,source_only_frozen_candidate_not_residual_validated,source_only_bounded_stau_sensitivity_not_model_selection,0.131171034325,0.150855795213,0.135706168744
NGC5055,C,7.18,0.131526,29,7.222511814,0.042511814,0.148342087,0.749420108,0.424347633,source_only_frozen_candidate_not_residual_validated,source_only_bounded_stau_sensitivity_not_model_selection,0.134117006079,0.153557213108,0.139454242436
NGC5055,C,7.91,0.144898,32,7.957004541,0.047004541,0.152167615,0.742949907,0.420022720,source_only_frozen_candidate_not_residual_validated,source_only_bounded_stau_sensitivity_not_model_selection,0.126993406142,0.146040687842,0.132903622583
NGC5055,C,8.62,0.157904,35,8.691497268,0.071497268,0.134308097,0.773156109,0.440337944,source_only_frozen_candidate_not_residual_validated,source_only_bounded_stau_sensitivity_not_model_selection,0.128378954631,0.146932922419,0.134669602131
NGC5055,C,11.49,0.210478,46,11.384637267,0.105362733,0.117132850,0.802204987,0.460178804,source_only_frozen_candidate_not_residual_validated,source_only_bounded_stau_sensitivity_not_model_selection,0.116516296117,0.132321724766,0.123180503545
NGC5055,C,14.3,0.261953,58,14.322608174,0.022608174,0.089679331,0.848637736,0.492535540,source_only_frozen_candidate_not_residual_validated,source_only_bounded_stau_sensitivity_not_model_selection,0.108763062009,0.122273516569,0.11520476755
NGC5055,C,17.19,0.314893,70,17.260579082,0.070579082,0.081793021,0.861976028,0.501981173,source_only_frozen_candidate_not_residual_validated,source_only_bounded_stau_sensitivity_not_model_selection,0.112098164022,0.124384085052,0.11887301311
NGC5055,C,20.07,0.36765,81,19.953719080,0.116280920,0.080696463,0.863830661,0.503299998,source_only_frozen_candidate_not_residual_validated,source_only_bounded_stau_sensitivity_not_model_selection,0.0988409623053,0.111625424713,0.107423288571
NGC5055,C,22.96,0.42059,93,22.891689988,0.068310012,0.092198144,0.844377611,0.489533092,source_only_frozen_candidate_not_residual_validated,source_only_bounded_stau_sensitivity_not_model_selection,0.102277398664,0.117694878929,0.114430597856
NGC5055,C,25.85,0.47353,105,25.829660895,0.020339105,0.096314769,0.837415072,0.484640913,source_only_frozen_candidate_not_residual_validated,source_only_bounded_stau_sensitivity_not_model_selection,0.111111878333,0.13083894427,0.128231189261
NGC5055,C,28.74,0.52647,117,28.767631803,0.027631803,0.096664702,0.836823222,0.484225902,source_only_frozen_candidate_not_residual_validated,source_only_bounded_stau_sensitivity_not_model_selection,0.117935219997,0.142761575009,0.140600613736
NGC5055,C,31.62,0.579227,129,31.705602710,0.085602710,0.086101620,0.854688798,0.496812154,source_only_frozen_candidate_not_residual_validated,source_only_bounded_stau_sensitivity_not_model_selection,0.118439231571,0.14878561308,0.146948808484
NGC5055,C,34.51,0.632167,140,34.398742709,0.111257291,0.077851546,0.868642333,0.506727817,source_only_frozen_candidate_not_residual_validated,source_only_bounded_stau_sensitivity_not_model_selection,0.123252001744,0.159173282538,0.157576367677
NGC5055,C,37.4,0.685107,152,37.336713616,0.063286384,0.080534727,0.864104209,0.503494631,source_only_frozen_candidate_not_residual_validated,source_only_bounded_stau_sensitivity_not_model_selection,0.102518174969,0.145502876569,0.144135652497
NGC5055,C,40.29,0.738047,164,40.274684524,0.015315476,0.088727945,0.850246836,0.493671406,source_only_frozen_candidate_not_residual_validated,source_only_bounded_stau_sensitivity_not_model_selection,0.10216788311,0.15127109549,0.150059386323
NGC5055,C,43.17,0.790804,176,43.212655431,0.042655431,0.077002389,0.870078531,0.507752713,source_only_frozen_candidate_not_residual_validated,source_only_bounded_stau_sensitivity_not_model_selection,0.102609042729,0.15780550683,0.156721024173
NGC5055,C,45.92,0.84118,187,45.905795430,0.014204570,0.075749332,0.872197854,0.509266576,source_only_frozen_candidate_not_residual_validated,source_only_bounded_stau_sensitivity_not_model_selection,0.101237299778,0.161707789578,0.160716726127
NGC5055,C,48.81,0.89412,199,48.843766338,0.033766338,0.092498905,0.843868928,0.489175045,source_only_frozen_candidate_not_residual_validated,source_only_bounded_stau_sensitivity_not_model_selection,0.0941582525974,0.161125670881,0.160233230787
NGC5055,C,51.7,0.94706,211,51.781737245,0.081737245,0.075660059,0.872348844,0.509374497,source_only_frozen_candidate_not_residual_validated,source_only_bounded_stau_sensitivity_not_model_selection,0.113388999055,0.187265014602,0.186461779747
NGC5055,C,54.59,1,222,54.474877244,0.115122756,0.073706009,0.875653772,0.511738974,source_only_frozen_candidate_not_residual_validated,source_only_bounded_stau_sensitivity_not_model_selection,0.111603949317,0.193268957408,0.192551165336
NGC7331,A,2.67,0.0735335,12,2.672535417,0.002535417,0.481121432,0.186582979,0.093419423,source_only_frozen_candidate_not_residual_validated,source_only_bounded_stau_sensitivity_not_model_selection,0.18196803086,0.195358588965,0.17250630313
NGC7331,A,3.21,0.0884054,15,3.313943917,0.103943917,0.372407176,0.370453825,0.192553773,source_only_frozen_candidate_not_residual_validated,source_only_bounded_stau_sensitivity_not_model_selection,0.16451055633,0.178570837414,0.155830288759
NGC7331,A,3.74,0.103002,17,3.741549584,0.001549584,0.306575406,0.481796566,0.256477593,source_only_frozen_candidate_not_residual_validated,source_only_bounded_stau_sensitivity_not_model_selection,0.160255434558,0.174843199998,0.15224525069
NGC7331,A,4.27,0.117598,19,4.169155251,0.100844749,0.343548533,0.419263092,0.220190029,source_only_frozen_candidate_not_residual_validated,source_only_bounded_stau_sensitivity_not_model_selection,0.164052700091,0.179614180548,0.157408580073
NGC7331,A,4.81,0.13247,22,4.810563751,0.000563751,0.381220405,0.355547814,0.184229602,source_only_frozen_candidate_not_residual_validated,source_only_bounded_stau_sensitivity_not_model_selection,0.151810404443,0.168332192594,0.146690777002
NGC7331,A,5.35,0.147342,25,5.451972251,0.101972251,0.335764480,0.432428434,0.227746051,source_only_frozen_candidate_not_residual_validated,source_only_bounded_stau_sensitivity_not_model_selection,0.146601158842,0.163770566431,0.142625974331
NGC7331,A,5.88,0.161939,27,5.879577918,0.000422082,0.294774092,0.501756392,0.268276568,source_only_frozen_candidate_not_residual_validated,source_only_bounded_stau_sensitivity_not_model_selection,0.137188049112,0.155145808081,0.134770723486
NGC7331,A,6.41,0.176535,29,6.307183584,0.102816416,0.259608213,0.561233227,0.304083958,source_only_frozen_candidate_not_residual_validated,source_only_bounded_stau_sensitivity_not_model_selection,0.130903809964,0.149463378767,0.129852918382
NGC7331,A,7.48,0.206004,34,7.376197751,0.103802249,0.249537038,0.578266830,0.314523136,source_only_frozen_candidate_not_residual_validated,source_only_bounded_stau_sensitivity_not_model_selection,0.109297727276,0.128734269363,0.110867348751
NGC7331,A,8.55,0.235472,39,8.445211918,0.104788082,0.197314687,0.666591657,0.370039928,source_only_frozen_candidate_not_residual_validated,source_only_bounded_stau_sensitivity_not_model_selection,0.0812592153183,0.101002160662,0.0851679373983
NGC7331,A,9.62,0.264941,44,9.514226085,0.105773915,0.170235221,0.712391762,0.399788734,source_only_frozen_candidate_not_residual_validated,source_only_bounded_stau_sensitivity_not_model_selection,0.0924879932718,0.111976617301,0.0977175714648
NGC7331,A,10.66,0.293583,49,10.583240252,0.076759748,0.206149309,0.651649464,0.360479839,source_only_frozen_candidate_not_residual_validated,source_only_bounded_stau_sensitivity_not_model_selection,0.0836963493335,0.102625831045,0.0897198768161
NGC7331,A,11.74,0.323327,54,11.652254419,0.087745581,0.181984126,0.692520577,0.386798025,source_only_frozen_candidate_not_residual_validated,source_only_bounded_stau_sensitivity_not_model_selection,0.0758391647589,0.0939689686797,0.0823201337817
NGC7331,A,12.83,0.353346,60,12.935071419,0.105071419,0.206033689,0.651845015,0.360604500,source_only_frozen_candidate_not_residual_validated,source_only_bounded_stau_sensitivity_not_model_selection,0.0792524756523,0.0965579662398,0.085912989691
NGC7331,A,13.91,0.38309,65,14.004085586,0.094085586,0.184969117,0.687471995,0.383518106,source_only_frozen_candidate_not_residual_validated,source_only_bounded_stau_sensitivity_not_model_selection,0.0821554836869,0.0985897446335,0.0888509925281
NGC7331,A,15,0.413109,70,15.073099753,0.073099753,0.196123374,0.668606552,0.371334462,source_only_frozen_candidate_not_residual_validated,source_only_bounded_stau_sensitivity_not_model_selection,0.0917553886012,0.107280769624,0.0983959839794
NGC7331,A,16.08,0.442853,75,16.142113919,0.062113919,0.159442206,0.730646229,0.411837976,source_only_frozen_candidate_not_residual_validated,source_only_bounded_stau_sensitivity_not_model_selection,0.0948225253871,0.109528075189,0.101375532465
NGC7331,A,17.07,0.470118,79,16.997325253,0.072674747,0.162251854,0.725894209,0.408690541,source_only_frozen_candidate_not_residual_validated,source_only_bounded_stau_sensitivity_not_model_selection,0.105532422799,0.119611131398,0.112016828167
NGC7331,A,18.15,0.499862,84,18.066339420,0.083660580,0.117993800,0.800748843,0.459176994,source_only_frozen_candidate_not_residual_validated,source_only_bounded_stau_sensitivity_not_model_selection,0.103141245319,0.116696671187,0.109585008906
NGC7331,A,19.24,0.529882,89,19.135353587,0.104646413,0.131761912,0.777462528,0.443260255,source_only_frozen_candidate_not_residual_validated,source_only_bounded_stau_sensitivity_not_model_selection,0.0986440325137,0.111789590989,0.105083270148
NGC7331,A,20.32,0.559625,95,20.418170587,0.098170587,0.112895325,0.809372007,0.465120911,source_only_frozen_candidate_not_residual_validated,source_only_bounded_stau_sensitivity_not_model_selection,0.0956033647483,0.108384562039,0.102082628505
NGC7331,A,21.41,0.589645,100,21.487184754,0.077184754,0.095697818,0.838458535,0.485372924,source_only_frozen_candidate_not_residual_validated,source_only_bounded_stau_sensitivity_not_model_selection,0.0865888121183,0.0990396029895,0.0931941510596
NGC7331,A,22.49,0.619389,105,22.556198920,0.066198920,0.099967540,0.831237059,0.480315333,source_only_frozen_candidate_not_residual_validated,source_only_bounded_stau_sensitivity_not_model_selection,0.0732706897432,0.0855297639024,0.080097535825
NGC7331,A,23.48,0.646654,109,23.411410254,0.068589746,0.066447765,0.887929802,0.520559569,source_only_frozen_candidate_not_residual_validated,source_only_bounded_stau_sensitivity_not_model_selection,0.0782802502181,0.0904877773899,0.0853861474089
NGC7331,A,24.57,0.676673,114,24.480424421,0.089575579,0.090472584,0.847296090,0.491589227,source_only_frozen_candidate_not_residual_validated,source_only_bounded_stau_sensitivity_not_model_selection,0.0752779703464,0.0875747957488,0.0828491481551
NGC7331,A,25.65,0.706417,119,25.549438588,0.100561412,0.097487922,0.835430892,0.483250107,source_only_frozen_candidate_not_residual_validated,source_only_bounded_stau_sensitivity_not_model_selection,0.0732077573469,0.0857523385581,0.081355960141
NGC7331,A,26.74,0.736436,125,26.832255588,0.092255588,0.084602216,0.857224774,0.498608657,source_only_frozen_candidate_not_residual_validated,source_only_bounded_stau_sensitivity_not_model_selection,0.0594731581463,0.0724085416656,0.0683037218912
NGC7331,A,27.82,0.76618,130,27.901269755,0.081269755,0.097816979,0.834874350,0.482860267,source_only_frozen_candidate_not_residual_validated,source_only_bounded_stau_sensitivity_not_model_selection,0.0490193158676,0.0625091987543,0.0586788770193
NGC7331,A,28.91,0.796199,135,28.970283922,0.060283922,0.113225769,0.808813120,0.464734847,source_only_frozen_candidate_not_residual_validated,source_only_bounded_stau_sensitivity_not_model_selection,0.0416393683108,0.0558750649587,0.0523083435151
NGC7331,A,29.89,0.823189,139,29.825495255,0.064504745,0.106496444,0.820194578,0.472619523,source_only_frozen_candidate_not_residual_validated,source_only_bounded_stau_sensitivity_not_model_selection,0.0262219428028,0.0412849693717,0.0379399717443
NGC7331,A,30.98,0.853208,144,30.894509422,0.085490578,0.104679570,0.823267497,0.474756556,source_only_frozen_candidate_not_residual_validated,source_only_bounded_stau_sensitivity_not_model_selection,0.0396113844071,0.0557381558694,0.0526172064639
NGC7331,A,32.06,0.882952,149,31.963523589,0.096476411,0.100218947,0.830811848,0.480018148,source_only_frozen_candidate_not_residual_validated,source_only_bounded_stau_sensitivity_not_model_selection,0.0336965586366,0.0509472665258,0.048017071541
NGC7331,A,33.15,0.912972,155,33.246340589,0.096340589,0.098236765,0.834164357,0.482363109,source_only_frozen_candidate_not_residual_validated,source_only_bounded_stau_sensitivity_not_model_selection,0.0169038184309,0.0353085126867,0.0325417535686
NGC7331,A,34.23,0.942716,160,34.315354756,0.085354756,0.097093458,0.836098058,0.483717589,source_only_frozen_candidate_not_residual_validated,source_only_bounded_stau_sensitivity_not_model_selection,0.0211329464101,0.0407795313691,0.038162798405
NGC7331,A,35.32,0.972735,165,35.384368923,0.064368923,0.096058526,0.837848461,0.484944895,source_only_frozen_candidate_not_residual_validated,source_only_bounded_stau_sensitivity_not_model_selection,0.000716407926797,0.0203379268765,0.0178675190923
NGC7331,A,36.31,1,169,36.239580256,0.070419744,0.101853782,0.828046815,0.478087283,source_only_frozen_candidate_not_residual_validated,source_only_bounded_stau_sensitivity_not_model_selection,0.00370841500343,0.0263918224452,0.0240673017188
