Survey,ExternalName,logrho,logMass,DVsys,DVsysopt,Aspec,Aflux,Apeak,Amap,A1_inner,A2_outer,Avel,Source,AllowedUse,InterpretationGuardrail
LVHIS,LVHIS001,-1.370000000,7.300000000,1,11,0.264000000,1.060000000,,0.070000000,,,,Reynolds_etal_2020_VizieR_J_MNRAS_493_5089,published_resolved_HI_asymmetry_proxy_only,reynolds2020_asymmetry_crossmatch_no_velocity_endpoint
LVHIS,LVHIS003,-1.240000000,6.200000000,1,22,,,,0.070000000,,,,Reynolds_etal_2020_VizieR_J_MNRAS_493_5089,published_resolved_HI_asymmetry_proxy_only,reynolds2020_asymmetry_crossmatch_no_velocity_endpoint
LVHIS,LVHIS004,-1.190000000,9.400000000,3,5,,,1.260000000,0.130000000,0.450000000,,0.032000000,Reynolds_etal_2020_VizieR_J_MNRAS_493_5089,published_resolved_HI_asymmetry_proxy_only,reynolds2020_asymmetry_crossmatch_no_velocity_endpoint
LVHIS,LVHIS005,-1.150000000,9.500000000,0,4,0.124000000,1.030000000,1.010000000,0.190000000,0.150000000,,0.028000000,Reynolds_etal_2020_VizieR_J_MNRAS_493_5089,published_resolved_HI_asymmetry_proxy_only,reynolds2020_asymmetry_crossmatch_no_velocity_endpoint
LVHIS,LVHIS006,-1.500000000,10.400000000,12,3,0.446000000,1.240000000,1.220000000,0.180000000,,,0.017000000,Reynolds_etal_2020_VizieR_J_MNRAS_493_5089,published_resolved_HI_asymmetry_proxy_only,reynolds2020_asymmetry_crossmatch_no_velocity_endpoint
LVHIS,LVHIS007,-1.300000000,9.700000000,5,8,0.304000000,1.130000000,1.250000000,0.050000000,0.200000000,,0.026000000,Reynolds_etal_2020_VizieR_J_MNRAS_493_5089,published_resolved_HI_asymmetry_proxy_only,reynolds2020_asymmetry_crossmatch_no_velocity_endpoint
LVHIS,LVHIS008,-1.580000000,8.700000000,0,5,0.126000000,1.030000000,1.020000000,0.120000000,0.160000000,0.170000000,,Reynolds_etal_2020_VizieR_J_MNRAS_493_5089,published_resolved_HI_asymmetry_proxy_only,reynolds2020_asymmetry_crossmatch_no_velocity_endpoint
LVHIS,LVHIS009,-1.550000000,8.300000000,0,3,0.154000000,1.200000000,,0.130000000,0.280000000,0.140000000,0.059000000,Reynolds_etal_2020_VizieR_J_MNRAS_493_5089,published_resolved_HI_asymmetry_proxy_only,reynolds2020_asymmetry_crossmatch_no_velocity_endpoint
LVHIS,LVHIS010,-1.220000000,6.800000000,0,,0.432000000,1.160000000,,0.250000000,,,,Reynolds_etal_2020_VizieR_J_MNRAS_493_5089,published_resolved_HI_asymmetry_proxy_only,reynolds2020_asymmetry_crossmatch_no_velocity_endpoint
LVHIS,LVHIS011,-1.360000000,8.100000000,0,0,0.156000000,1.040000000,1.020000000,0.070000000,0.120000000,0.380000000,0.020000000,Reynolds_etal_2020_VizieR_J_MNRAS_493_5089,published_resolved_HI_asymmetry_proxy_only,reynolds2020_asymmetry_crossmatch_no_velocity_endpoint
LVHIS,LVHIS012,-1.100000000,8.700000000,0,2,0.166000000,1.010000000,1.010000000,0.090000000,0.170000000,0.370000000,0.024000000,Reynolds_etal_2020_VizieR_J_MNRAS_493_5089,published_resolved_HI_asymmetry_proxy_only,reynolds2020_asymmetry_crossmatch_no_velocity_endpoint
LVHIS,LVHIS013,-0.960000000,7.000000000,3,,0.292000000,1.320000000,,0.400000000,,,,Reynolds_etal_2020_VizieR_J_MNRAS_493_5089,published_resolved_HI_asymmetry_proxy_only,reynolds2020_asymmetry_crossmatch_no_velocity_endpoint
LVHIS,LVHIS014,-1.540000000,9.500000000,2,30,0.096000000,1.020000000,1.080000000,0.220000000,0.260000000,0.200000000,0.042000000,Reynolds_etal_2020_VizieR_J_MNRAS_493_5089,published_resolved_HI_asymmetry_proxy_only,reynolds2020_asymmetry_crossmatch_no_velocity_endpoint
LVHIS,LVHIS015,-1.230000000,8.200000000,1,11,0.172000000,1.150000000,,0.110000000,0.140000000,0.370000000,,Reynolds_etal_2020_VizieR_J_MNRAS_493_5089,published_resolved_HI_asymmetry_proxy_only,reynolds2020_asymmetry_crossmatch_no_velocity_endpoint
LVHIS,LVHIS016,-1.350000000,7.100000000,0,,0.426000000,1.040000000,,,,,,Reynolds_etal_2020_VizieR_J_MNRAS_493_5089,published_resolved_HI_asymmetry_proxy_only,reynolds2020_asymmetry_crossmatch_no_velocity_endpoint
LVHIS,LVHIS017,-0.980000000,8.500000000,1,19,0.072000000,1.040000000,1.050000000,0.040000000,0.070000000,0.640000000,0.014000000,Reynolds_etal_2020_VizieR_J_MNRAS_493_5089,published_resolved_HI_asymmetry_proxy_only,reynolds2020_asymmetry_crossmatch_no_velocity_endpoint
LVHIS,LVHIS018,-1.190000000,8.200000000,7,1,0.120000000,1.170000000,1.120000000,0.070000000,0.040000000,0.210000000,0.045000000,Reynolds_etal_2020_VizieR_J_MNRAS_493_5089,published_resolved_HI_asymmetry_proxy_only,reynolds2020_asymmetry_crossmatch_no_velocity_endpoint
LVHIS,LVHIS019,-1.100000000,7.300000000,1,45,0.116000000,1.120000000,,0.110000000,0.100000000,0.160000000,0.047000000,Reynolds_etal_2020_VizieR_J_MNRAS_493_5089,published_resolved_HI_asymmetry_proxy_only,reynolds2020_asymmetry_crossmatch_no_velocity_endpoint
LVHIS,LVHIS020,-0.980000000,7.600000000,1,,0.138000000,1.090000000,1.160000000,0.080000000,0.070000000,0.120000000,0.034000000,Reynolds_etal_2020_VizieR_J_MNRAS_493_5089,published_resolved_HI_asymmetry_proxy_only,reynolds2020_asymmetry_crossmatch_no_velocity_endpoint
LVHIS,LVHIS021,-1.130000000,7.900000000,1,4,0.164000000,1.120000000,1.030000000,0.180000000,0.210000000,,0.079000000,Reynolds_etal_2020_VizieR_J_MNRAS_493_5089,published_resolved_HI_asymmetry_proxy_only,reynolds2020_asymmetry_crossmatch_no_velocity_endpoint
LVHIS,LVHIS022,-1.120000000,8.900000000,3,25,0.226000000,1.070000000,1.480000000,0.190000000,0.240000000,,0.149000000,Reynolds_etal_2020_VizieR_J_MNRAS_493_5089,published_resolved_HI_asymmetry_proxy_only,reynolds2020_asymmetry_crossmatch_no_velocity_endpoint
LVHIS,LVHIS023,-1.460000000,7.200000000,1,,0.270000000,1.290000000,,0.740000000,0.670000000,0.920000000,,Reynolds_etal_2020_VizieR_J_MNRAS_493_5089,published_resolved_HI_asymmetry_proxy_only,reynolds2020_asymmetry_crossmatch_no_velocity_endpoint
LVHIS,LVHIS024,-1.150000000,7.800000000,0,,0.140000000,1.080000000,1.000000000,0.070000000,0.020000000,0.140000000,,Reynolds_etal_2020_VizieR_J_MNRAS_493_5089,published_resolved_HI_asymmetry_proxy_only,reynolds2020_asymmetry_crossmatch_no_velocity_endpoint
LVHIS,LVHIS025,-1.600000000,6.200000000,0,,0.160000000,1.040000000,1.070000000,0.130000000,0.150000000,,0.021000000,Reynolds_etal_2020_VizieR_J_MNRAS_493_5089,published_resolved_HI_asymmetry_proxy_only,reynolds2020_asymmetry_crossmatch_no_velocity_endpoint
LVHIS,LVHIS026,-1.650000000,8.100000000,0,1,0.132000000,1.040000000,1.130000000,0.080000000,0.140000000,0.170000000,0.015000000,Reynolds_etal_2020_VizieR_J_MNRAS_493_5089,published_resolved_HI_asymmetry_proxy_only,reynolds2020_asymmetry_crossmatch_no_velocity_endpoint
LVHIS,LVHIS027,-1.750000000,8.400000000,0,18,0.140000000,1.040000000,1.090000000,0.150000000,0.170000000,0.180000000,0.027000000,Reynolds_etal_2020_VizieR_J_MNRAS_493_5089,published_resolved_HI_asymmetry_proxy_only,reynolds2020_asymmetry_crossmatch_no_velocity_endpoint
LVHIS,LVHIS028,-1.660000000,8.000000000,0,,0.170000000,1.020000000,,0.040000000,0.140000000,,0.054000000,Reynolds_etal_2020_VizieR_J_MNRAS_493_5089,published_resolved_HI_asymmetry_proxy_only,reynolds2020_asymmetry_crossmatch_no_velocity_endpoint
LVHIS,LVHIS029,-1.580000000,7.400000000,0,,0.114000000,1.050000000,,0.170000000,0.230000000,,0.045000000,Reynolds_etal_2020_VizieR_J_MNRAS_493_5089,published_resolved_HI_asymmetry_proxy_only,reynolds2020_asymmetry_crossmatch_no_velocity_endpoint
LVHIS,LVHIS030,-1.850000000,8.000000000,0,,0.138000000,1.010000000,1.050000000,0.160000000,0.080000000,0.140000000,0.029000000,Reynolds_etal_2020_VizieR_J_MNRAS_493_5089,published_resolved_HI_asymmetry_proxy_only,reynolds2020_asymmetry_crossmatch_no_velocity_endpoint
LVHIS,LVHIS031,-1.530000000,9.700000000,1,11,0.052000000,1.010000000,1.010000000,0.200000000,0.140000000,,0.063000000,Reynolds_etal_2020_VizieR_J_MNRAS_493_5089,published_resolved_HI_asymmetry_proxy_only,reynolds2020_asymmetry_crossmatch_no_velocity_endpoint
LVHIS,LVHIS032,-1.610000000,,2,,0.424000000,1.220000000,,,,,,Reynolds_etal_2020_VizieR_J_MNRAS_493_5089,published_resolved_HI_asymmetry_proxy_only,reynolds2020_asymmetry_crossmatch_no_velocity_endpoint
LVHIS,LVHIS033,-1.690000000,7.700000000,2,,0.124000000,1.130000000,,,,,,Reynolds_etal_2020_VizieR_J_MNRAS_493_5089,published_resolved_HI_asymmetry_proxy_only,reynolds2020_asymmetry_crossmatch_no_velocity_endpoint
LVHIS,LVHIS034,-1.820000000,8.100000000,1,,0.246000000,1.020000000,,0.090000000,,,,Reynolds_etal_2020_VizieR_J_MNRAS_493_5089,published_resolved_HI_asymmetry_proxy_only,reynolds2020_asymmetry_crossmatch_no_velocity_endpoint
LVHIS,LVHIS035,-1.910000000,7.300000000,0,,0.206000000,1.040000000,,0.160000000,0.200000000,0.240000000,,Reynolds_etal_2020_VizieR_J_MNRAS_493_5089,published_resolved_HI_asymmetry_proxy_only,reynolds2020_asymmetry_crossmatch_no_velocity_endpoint
LVHIS,LVHIS036,-1.980000000,7.500000000,0,21,0.278000000,1.140000000,1.210000000,0.160000000,,,,Reynolds_etal_2020_VizieR_J_MNRAS_493_5089,published_resolved_HI_asymmetry_proxy_only,reynolds2020_asymmetry_crossmatch_no_velocity_endpoint
LVHIS,LVHIS037,-2.020000000,7.000000000,0,12,0.252000000,1.040000000,,0.090000000,0.050000000,0.100000000,,Reynolds_etal_2020_VizieR_J_MNRAS_493_5089,published_resolved_HI_asymmetry_proxy_only,reynolds2020_asymmetry_crossmatch_no_velocity_endpoint
LVHIS,LVHIS038,-1.740000000,8.200000000,1,1,0.230000000,1.060000000,,0.140000000,0.130000000,0.260000000,,Reynolds_etal_2020_VizieR_J_MNRAS_493_5089,published_resolved_HI_asymmetry_proxy_only,reynolds2020_asymmetry_crossmatch_no_velocity_endpoint
LVHIS,LVHIS039,-2.030000000,7.200000000,2,33,0.160000000,1.010000000,,0.170000000,0.180000000,0.280000000,,Reynolds_etal_2020_VizieR_J_MNRAS_493_5089,published_resolved_HI_asymmetry_proxy_only,reynolds2020_asymmetry_crossmatch_no_velocity_endpoint
LVHIS,LVHIS040,-2.060000000,7.400000000,0,5,0.108000000,1.010000000,1.030000000,0.040000000,0.050000000,0.140000000,0.022000000,Reynolds_etal_2020_VizieR_J_MNRAS_493_5089,published_resolved_HI_asymmetry_proxy_only,reynolds2020_asymmetry_crossmatch_no_velocity_endpoint
LVHIS,LVHIS041,-1.720000000,7.100000000,0,,0.184000000,1.120000000,,0.110000000,,,,Reynolds_etal_2020_VizieR_J_MNRAS_493_5089,published_resolved_HI_asymmetry_proxy_only,reynolds2020_asymmetry_crossmatch_no_velocity_endpoint
LVHIS,LVHIS042,-2.080000000,7.800000000,0,,0.322000000,1.170000000,,0.050000000,,,,Reynolds_etal_2020_VizieR_J_MNRAS_493_5089,published_resolved_HI_asymmetry_proxy_only,reynolds2020_asymmetry_crossmatch_no_velocity_endpoint
LVHIS,LVHIS043,-1.770000000,10.100000000,0,5,0.110000000,1.120000000,,0.190000000,0.230000000,0.380000000,,Reynolds_etal_2020_VizieR_J_MNRAS_493_5089,published_resolved_HI_asymmetry_proxy_only,reynolds2020_asymmetry_crossmatch_no_velocity_endpoint
LVHIS,LVHIS045,-2.100000000,,0,,0.212000000,1.080000000,,0.350000000,,,0.190000000,Reynolds_etal_2020_VizieR_J_MNRAS_493_5089,published_resolved_HI_asymmetry_proxy_only,reynolds2020_asymmetry_crossmatch_no_velocity_endpoint
LVHIS,LVHIS046,-1.960000000,9.500000000,4,5,0.314000000,1.170000000,1.130000000,0.200000000,0.270000000,0.490000000,0.078000000,Reynolds_etal_2020_VizieR_J_MNRAS_493_5089,published_resolved_HI_asymmetry_proxy_only,reynolds2020_asymmetry_crossmatch_no_velocity_endpoint
LVHIS,LVHIS047,-2.050000000,7.900000000,3,,0.536000000,1.460000000,,0.440000000,,,,Reynolds_etal_2020_VizieR_J_MNRAS_493_5089,published_resolved_HI_asymmetry_proxy_only,reynolds2020_asymmetry_crossmatch_no_velocity_endpoint
LVHIS,LVHIS049,-1.920000000,7.500000000,0,0,0.216000000,1.070000000,,,,,,Reynolds_etal_2020_VizieR_J_MNRAS_493_5089,published_resolved_HI_asymmetry_proxy_only,reynolds2020_asymmetry_crossmatch_no_velocity_endpoint
LVHIS,LVHIS050,-2.000000000,8.000000000,1,1,0.098000000,1.080000000,1.000000000,0.290000000,,,0.166000000,Reynolds_etal_2020_VizieR_J_MNRAS_493_5089,published_resolved_HI_asymmetry_proxy_only,reynolds2020_asymmetry_crossmatch_no_velocity_endpoint
LVHIS,LVHIS051,-1.890000000,8.700000000,1,2,0.138000000,1.040000000,1.020000000,0.110000000,0.210000000,,0.035000000,Reynolds_etal_2020_VizieR_J_MNRAS_493_5089,published_resolved_HI_asymmetry_proxy_only,reynolds2020_asymmetry_crossmatch_no_velocity_endpoint
LVHIS,LVHIS052,-2.080000000,7.200000000,0,3,0.258000000,1.130000000,,,,,,Reynolds_etal_2020_VizieR_J_MNRAS_493_5089,published_resolved_HI_asymmetry_proxy_only,reynolds2020_asymmetry_crossmatch_no_velocity_endpoint
LVHIS,LVHIS053,-2.100000000,10.500000000,9,1,0.296000000,1.210000000,1.480000000,0.340000000,,,0.078000000,Reynolds_etal_2020_VizieR_J_MNRAS_493_5089,published_resolved_HI_asymmetry_proxy_only,reynolds2020_asymmetry_crossmatch_no_velocity_endpoint
LVHIS,LVHIS054,-1.960000000,,1,,0.270000000,1.240000000,,0.100000000,,,,Reynolds_etal_2020_VizieR_J_MNRAS_493_5089,published_resolved_HI_asymmetry_proxy_only,reynolds2020_asymmetry_crossmatch_no_velocity_endpoint
LVHIS,LVHIS055,-1.750000000,8.300000000,1,12,0.250000000,1.110000000,1.280000000,0.150000000,0.240000000,0.180000000,,Reynolds_etal_2020_VizieR_J_MNRAS_493_5089,published_resolved_HI_asymmetry_proxy_only,reynolds2020_asymmetry_crossmatch_no_velocity_endpoint
LVHIS,LVHIS056,-2.040000000,6.900000000,0,2,0.182000000,1.010000000,1.100000000,0.190000000,0.220000000,,,Reynolds_etal_2020_VizieR_J_MNRAS_493_5089,published_resolved_HI_asymmetry_proxy_only,reynolds2020_asymmetry_crossmatch_no_velocity_endpoint
LVHIS,LVHIS057,-1.880000000,8.600000000,0,3,0.160000000,1.130000000,,0.220000000,0.240000000,,,Reynolds_etal_2020_VizieR_J_MNRAS_493_5089,published_resolved_HI_asymmetry_proxy_only,reynolds2020_asymmetry_crossmatch_no_velocity_endpoint
LVHIS,LVHIS058,-2.050000000,7.900000000,0,0,0.278000000,1.130000000,,,,,,Reynolds_etal_2020_VizieR_J_MNRAS_493_5089,published_resolved_HI_asymmetry_proxy_only,reynolds2020_asymmetry_crossmatch_no_velocity_endpoint
LVHIS,LVHIS059,-2.040000000,8.700000000,1,1,0.208000000,1.010000000,,0.070000000,0.110000000,0.100000000,,Reynolds_etal_2020_VizieR_J_MNRAS_493_5089,published_resolved_HI_asymmetry_proxy_only,reynolds2020_asymmetry_crossmatch_no_velocity_endpoint
LVHIS,LVHIS060,-2.010000000,7.100000000,1,5,0.118000000,1.060000000,1.000000000,0.100000000,0.130000000,0.200000000,,Reynolds_etal_2020_VizieR_J_MNRAS_493_5089,published_resolved_HI_asymmetry_proxy_only,reynolds2020_asymmetry_crossmatch_no_velocity_endpoint
LVHIS,LVHIS061,-2.030000000,,0,,0.362000000,1.060000000,,0.070000000,,,,Reynolds_etal_2020_VizieR_J_MNRAS_493_5089,published_resolved_HI_asymmetry_proxy_only,reynolds2020_asymmetry_crossmatch_no_velocity_endpoint
LVHIS,LVHIS062,-1.850000000,7.600000000,2,,0.152000000,1.150000000,,0.100000000,0.120000000,0.170000000,0.039000000,Reynolds_etal_2020_VizieR_J_MNRAS_493_5089,published_resolved_HI_asymmetry_proxy_only,reynolds2020_asymmetry_crossmatch_no_velocity_endpoint
LVHIS,LVHIS063,-1.750000000,8.900000000,0,4,0.194000000,1.040000000,,0.180000000,0.190000000,0.320000000,,Reynolds_etal_2020_VizieR_J_MNRAS_493_5089,published_resolved_HI_asymmetry_proxy_only,reynolds2020_asymmetry_crossmatch_no_velocity_endpoint
LVHIS,LVHIS064,-1.960000000,,1,,0.258000000,1.160000000,,0.080000000,,,,Reynolds_etal_2020_VizieR_J_MNRAS_493_5089,published_resolved_HI_asymmetry_proxy_only,reynolds2020_asymmetry_crossmatch_no_velocity_endpoint
LVHIS,LVHIS065,-1.960000000,8.200000000,4,4,0.260000000,1.350000000,,0.110000000,0.100000000,0.170000000,0.050000000,Reynolds_etal_2020_VizieR_J_MNRAS_493_5089,published_resolved_HI_asymmetry_proxy_only,reynolds2020_asymmetry_crossmatch_no_velocity_endpoint
LVHIS,LVHIS066,-1.780000000,10.100000000,1,25,0.202000000,1.140000000,1.160000000,0.270000000,0.400000000,0.500000000,0.049000000,Reynolds_etal_2020_VizieR_J_MNRAS_493_5089,published_resolved_HI_asymmetry_proxy_only,reynolds2020_asymmetry_crossmatch_no_velocity_endpoint
LVHIS,LVHIS067,-1.790000000,7.500000000,1,4,0.220000000,1.030000000,,0.070000000,0.090000000,,,Reynolds_etal_2020_VizieR_J_MNRAS_493_5089,published_resolved_HI_asymmetry_proxy_only,reynolds2020_asymmetry_crossmatch_no_velocity_endpoint
LVHIS,LVHIS068,-1.850000000,7.800000000,0,,0.182000000,1.210000000,,0.050000000,0.150000000,,,Reynolds_etal_2020_VizieR_J_MNRAS_493_5089,published_resolved_HI_asymmetry_proxy_only,reynolds2020_asymmetry_crossmatch_no_velocity_endpoint
LVHIS,LVHIS069,-1.620000000,7.800000000,0,,0.166000000,1.130000000,1.020000000,0.050000000,,,,Reynolds_etal_2020_VizieR_J_MNRAS_493_5089,published_resolved_HI_asymmetry_proxy_only,reynolds2020_asymmetry_crossmatch_no_velocity_endpoint
LVHIS,LVHIS070,-1.910000000,8.000000000,2,30,0.402000000,1.270000000,,0.070000000,,,,Reynolds_etal_2020_VizieR_J_MNRAS_493_5089,published_resolved_HI_asymmetry_proxy_only,reynolds2020_asymmetry_crossmatch_no_velocity_endpoint
LVHIS,LVHIS071,-1.880000000,8.900000000,1,3,0.110000000,1.070000000,,0.190000000,0.170000000,0.290000000,0.051000000,Reynolds_etal_2020_VizieR_J_MNRAS_493_5089,published_resolved_HI_asymmetry_proxy_only,reynolds2020_asymmetry_crossmatch_no_velocity_endpoint
LVHIS,LVHIS072,-1.880000000,9.000000000,2,1,0.198000000,1.100000000,1.030000000,0.060000000,0.180000000,,0.017000000,Reynolds_etal_2020_VizieR_J_MNRAS_493_5089,published_resolved_HI_asymmetry_proxy_only,reynolds2020_asymmetry_crossmatch_no_velocity_endpoint
LVHIS,LVHIS073,-1.830000000,6.900000000,0,,0.206000000,1.000000000,,0.140000000,,,,Reynolds_etal_2020_VizieR_J_MNRAS_493_5089,published_resolved_HI_asymmetry_proxy_only,reynolds2020_asymmetry_crossmatch_no_velocity_endpoint
LVHIS,LVHIS074,-1.630000000,8.400000000,1,1,0.082000000,1.020000000,1.040000000,0.050000000,0.050000000,0.140000000,0.020000000,Reynolds_etal_2020_VizieR_J_MNRAS_493_5089,published_resolved_HI_asymmetry_proxy_only,reynolds2020_asymmetry_crossmatch_no_velocity_endpoint
LVHIS,LVHIS075,-1.500000000,8.000000000,0,3,0.174000000,1.180000000,,0.260000000,0.110000000,0.280000000,0.047000000,Reynolds_etal_2020_VizieR_J_MNRAS_493_5089,published_resolved_HI_asymmetry_proxy_only,reynolds2020_asymmetry_crossmatch_no_velocity_endpoint
LVHIS,LVHIS076,-1.960000000,8.100000000,1,,0.118000000,1.100000000,1.160000000,0.080000000,0.030000000,0.160000000,0.033000000,Reynolds_etal_2020_VizieR_J_MNRAS_493_5089,published_resolved_HI_asymmetry_proxy_only,reynolds2020_asymmetry_crossmatch_no_velocity_endpoint
LVHIS,LVHIS077,-1.240000000,9.100000000,0,0,0.114000000,1.050000000,1.030000000,0.180000000,0.180000000,0.120000000,0.039000000,Reynolds_etal_2020_VizieR_J_MNRAS_493_5089,published_resolved_HI_asymmetry_proxy_only,reynolds2020_asymmetry_crossmatch_no_velocity_endpoint
LVHIS,LVHIS078,-1.190000000,8.200000000,0,2,0.100000000,1.010000000,1.000000000,0.170000000,0.240000000,0.340000000,,Reynolds_etal_2020_VizieR_J_MNRAS_493_5089,published_resolved_HI_asymmetry_proxy_only,reynolds2020_asymmetry_crossmatch_no_velocity_endpoint
LVHIS,LVHIS079,-1.280000000,6.900000000,1,2,0.206000000,1.180000000,,0.240000000,0.300000000,0.410000000,,Reynolds_etal_2020_VizieR_J_MNRAS_493_5089,published_resolved_HI_asymmetry_proxy_only,reynolds2020_asymmetry_crossmatch_no_velocity_endpoint
LVHIS,LVHIS080,-1.480000000,7.300000000,0,1,0.124000000,1.040000000,1.120000000,0.070000000,0.150000000,,0.017000000,Reynolds_etal_2020_VizieR_J_MNRAS_493_5089,published_resolved_HI_asymmetry_proxy_only,reynolds2020_asymmetry_crossmatch_no_velocity_endpoint
LVHIS,LVHIS081,-1.330000000,7.400000000,1,21,0.234000000,1.250000000,,0.120000000,0.250000000,0.280000000,,Reynolds_etal_2020_VizieR_J_MNRAS_493_5089,published_resolved_HI_asymmetry_proxy_only,reynolds2020_asymmetry_crossmatch_no_velocity_endpoint
LVHIS,LVHIS082,-1.360000000,9.500000000,1,4,0.138000000,1.070000000,1.110000000,0.050000000,0.010000000,0.180000000,0.021000000,Reynolds_etal_2020_VizieR_J_MNRAS_493_5089,published_resolved_HI_asymmetry_proxy_only,reynolds2020_asymmetry_crossmatch_no_velocity_endpoint
VIVA,NGC4064,-0.440000000,10.100000000,2,3,0.442000000,1.050000000,1.290000000,0.280000000,0.090000000,,0.110000000,Reynolds_etal_2020_VizieR_J_MNRAS_493_5089,published_resolved_HI_asymmetry_proxy_only,reynolds2020_asymmetry_crossmatch_no_velocity_endpoint
VIVA,NGC4189,1.060000000,9.600000000,0,2,0.400000000,1.330000000,1.590000000,0.170000000,0.090000000,0.360000000,0.096000000,Reynolds_etal_2020_VizieR_J_MNRAS_493_5089,published_resolved_HI_asymmetry_proxy_only,reynolds2020_asymmetry_crossmatch_no_velocity_endpoint
VIVA,NGC4192,0.910000000,10.700000000,13,,0.560000000,1.170000000,1.350000000,0.190000000,0.390000000,,0.079000000,Reynolds_etal_2020_VizieR_J_MNRAS_493_5089,published_resolved_HI_asymmetry_proxy_only,reynolds2020_asymmetry_crossmatch_no_velocity_endpoint
VIVA,NGC4216,1.030000000,11.000000000,0,,0.538000000,1.010000000,1.060000000,0.190000000,0.230000000,,0.013000000,Reynolds_etal_2020_VizieR_J_MNRAS_493_5089,published_resolved_HI_asymmetry_proxy_only,reynolds2020_asymmetry_crossmatch_no_velocity_endpoint
VIVA,NGC4222,1.110000000,9.400000000,2,,1.986000000,1.040000000,1.010000000,0.190000000,,,0.019000000,Reynolds_etal_2020_VizieR_J_MNRAS_493_5089,published_resolved_HI_asymmetry_proxy_only,reynolds2020_asymmetry_crossmatch_no_velocity_endpoint
VIVA,NGC4254,0.940000000,10.400000000,4,,0.542000000,1.220000000,1.430000000,0.270000000,0.230000000,,0.084000000,Reynolds_etal_2020_VizieR_J_MNRAS_493_5089,published_resolved_HI_asymmetry_proxy_only,reynolds2020_asymmetry_crossmatch_no_velocity_endpoint
VIVA,NGC4293,0.650000000,10.500000000,0,,1.078000000,1.050000000,,0.130000000,,,,Reynolds_etal_2020_VizieR_J_MNRAS_493_5089,published_resolved_HI_asymmetry_proxy_only,reynolds2020_asymmetry_crossmatch_no_velocity_endpoint
VIVA,NGC4294,0.990000000,9.300000000,9,5,1.756000000,1.460000000,1.640000000,0.370000000,0.850000000,0.770000000,0.160000000,Reynolds_etal_2020_VizieR_J_MNRAS_493_5089,published_resolved_HI_asymmetry_proxy_only,reynolds2020_asymmetry_crossmatch_no_velocity_endpoint
VIVA,NGC4298,0.880000000,10.100000000,10,1,0.682000000,1.460000000,1.670000000,0.170000000,0.600000000,,0.067000000,Reynolds_etal_2020_VizieR_J_MNRAS_493_5089,published_resolved_HI_asymmetry_proxy_only,reynolds2020_asymmetry_crossmatch_no_velocity_endpoint
VIVA,NGC4299,1.030000000,,0,16,1.964000000,1.100000000,,0.390000000,0.010000000,0.010000000,0.326000000,Reynolds_etal_2020_VizieR_J_MNRAS_493_5089,published_resolved_HI_asymmetry_proxy_only,reynolds2020_asymmetry_crossmatch_no_velocity_endpoint
VIVA,NGC4302,0.930000000,10.400000000,5,23,0.212000000,1.120000000,1.210000000,0.170000000,,,0.029000000,Reynolds_etal_2020_VizieR_J_MNRAS_493_5089,published_resolved_HI_asymmetry_proxy_only,reynolds2020_asymmetry_crossmatch_no_velocity_endpoint
VIVA,NGC4321,0.840000000,10.700000000,5,6,0.246000000,1.080000000,1.310000000,0.200000000,0.110000000,0.560000000,0.036000000,Reynolds_etal_2020_VizieR_J_MNRAS_493_5089,published_resolved_HI_asymmetry_proxy_only,reynolds2020_asymmetry_crossmatch_no_velocity_endpoint
VIVA,NGC4330,1.130000000,9.500000000,6,11,0.270000000,1.120000000,1.320000000,0.360000000,,,0.016000000,Reynolds_etal_2020_VizieR_J_MNRAS_493_5089,published_resolved_HI_asymmetry_proxy_only,reynolds2020_asymmetry_crossmatch_no_velocity_endpoint
VIVA,NGC4351,1.360000000,9.200000000,0,17,0.634000000,1.060000000,,0.280000000,0.180000000,0.530000000,0.165000000,Reynolds_etal_2020_VizieR_J_MNRAS_493_5089,published_resolved_HI_asymmetry_proxy_only,reynolds2020_asymmetry_crossmatch_no_velocity_endpoint
VIVA,NGC4380,1.250000000,10.100000000,0,10,0.268000000,1.090000000,1.150000000,0.230000000,0.300000000,,0.031000000,Reynolds_etal_2020_VizieR_J_MNRAS_493_5089,published_resolved_HI_asymmetry_proxy_only,reynolds2020_asymmetry_crossmatch_no_velocity_endpoint
VIVA,NGC4383,1.290000000,9.400000000,1,2,0.312000000,1.020000000,1.060000000,0.230000000,0.420000000,0.330000000,0.090000000,Reynolds_etal_2020_VizieR_J_MNRAS_493_5089,published_resolved_HI_asymmetry_proxy_only,reynolds2020_asymmetry_crossmatch_no_velocity_endpoint
VIVA,NGC4388,1.270000000,10.200000000,7,11,0.226000000,1.050000000,1.380000000,0.230000000,0.730000000,,0.036000000,Reynolds_etal_2020_VizieR_J_MNRAS_493_5089,published_resolved_HI_asymmetry_proxy_only,reynolds2020_asymmetry_crossmatch_no_velocity_endpoint
VIVA,NGC4394,0.800000000,10.300000000,0,,0.494000000,1.060000000,1.020000000,0.230000000,0.290000000,0.250000000,0.065000000,Reynolds_etal_2020_VizieR_J_MNRAS_493_5089,published_resolved_HI_asymmetry_proxy_only,reynolds2020_asymmetry_crossmatch_no_velocity_endpoint
VIVA,NGC4396,1.250000000,9.200000000,2,11,0.254000000,1.170000000,1.020000000,0.240000000,0.520000000,,0.013000000,Reynolds_etal_2020_VizieR_J_MNRAS_493_5089,published_resolved_HI_asymmetry_proxy_only,reynolds2020_asymmetry_crossmatch_no_velocity_endpoint
VIVA,NGC4402,0.900000000,10.100000000,11,6,0.844000000,1.330000000,1.340000000,0.190000000,0.520000000,,0.056000000,Reynolds_etal_2020_VizieR_J_MNRAS_493_5089,published_resolved_HI_asymmetry_proxy_only,reynolds2020_asymmetry_crossmatch_no_velocity_endpoint
VIVA,NGC4405,1.070000000,9.700000000,1,17,0.566000000,1.270000000,1.170000000,0.110000000,,,0.060000000,Reynolds_etal_2020_VizieR_J_MNRAS_493_5089,published_resolved_HI_asymmetry_proxy_only,reynolds2020_asymmetry_crossmatch_no_velocity_endpoint
VIVA,NGC4419,1.300000000,10.400000000,3,,0.758000000,1.620000000,1.620000000,0.180000000,,,,Reynolds_etal_2020_VizieR_J_MNRAS_493_5089,published_resolved_HI_asymmetry_proxy_only,reynolds2020_asymmetry_crossmatch_no_velocity_endpoint
VIVA,NGC4424,1.270000000,9.900000000,5,7,0.908000000,1.690000000,,0.530000000,0.360000000,0.500000000,0.160000000,Reynolds_etal_2020_VizieR_J_MNRAS_493_5089,published_resolved_HI_asymmetry_proxy_only,reynolds2020_asymmetry_crossmatch_no_velocity_endpoint
VIVA,NGC4450,0.900000000,10.800000000,10,,0.262000000,1.120000000,1.120000000,0.250000000,0.300000000,,0.048000000,Reynolds_etal_2020_VizieR_J_MNRAS_493_5089,published_resolved_HI_asymmetry_proxy_only,reynolds2020_asymmetry_crossmatch_no_velocity_endpoint
VIVA,NGC4457,0.800000000,10.400000000,0,,0.452000000,1.050000000,1.160000000,0.200000000,0.120000000,,0.151000000,Reynolds_etal_2020_VizieR_J_MNRAS_493_5089,published_resolved_HI_asymmetry_proxy_only,reynolds2020_asymmetry_crossmatch_no_velocity_endpoint
VIVA,NGC4501,1.140000000,11.000000000,34,,0.550000000,1.680000000,1.380000000,0.400000000,0.490000000,,0.090000000,Reynolds_etal_2020_VizieR_J_MNRAS_493_5089,published_resolved_HI_asymmetry_proxy_only,reynolds2020_asymmetry_crossmatch_no_velocity_endpoint
VIVA,NGC4522,0.950000000,9.400000000,4,9,0.316000000,1.120000000,1.220000000,0.410000000,0.490000000,,0.063000000,Reynolds_etal_2020_VizieR_J_MNRAS_493_5089,published_resolved_HI_asymmetry_proxy_only,reynolds2020_asymmetry_crossmatch_no_velocity_endpoint
VIVA,NGC4532,0.910000000,9.200000000,3,45,0.644000000,1.260000000,,0.310000000,0.360000000,0.470000000,0.091000000,Reynolds_etal_2020_VizieR_J_MNRAS_493_5089,published_resolved_HI_asymmetry_proxy_only,reynolds2020_asymmetry_crossmatch_no_velocity_endpoint
VIVA,NGC4535,1.080000000,10.400000000,6,0,0.194000000,1.180000000,1.210000000,0.190000000,0.100000000,0.580000000,0.056000000,Reynolds_etal_2020_VizieR_J_MNRAS_493_5089,published_resolved_HI_asymmetry_proxy_only,reynolds2020_asymmetry_crossmatch_no_velocity_endpoint
VIVA,NGC4536,0.620000000,10.300000000,1,,0.620000000,1.080000000,1.050000000,0.190000000,,,0.032000000,Reynolds_etal_2020_VizieR_J_MNRAS_493_5089,published_resolved_HI_asymmetry_proxy_only,reynolds2020_asymmetry_crossmatch_no_velocity_endpoint
VIVA,NGC4548,0.990000000,10.800000000,5,,1.206000000,1.040000000,1.180000000,0.280000000,,,0.056000000,Reynolds_etal_2020_VizieR_J_MNRAS_493_5089,published_resolved_HI_asymmetry_proxy_only,reynolds2020_asymmetry_crossmatch_no_velocity_endpoint
VIVA,NGC4561,0.210000000,,1,,0.238000000,1.050000000,1.180000000,0.140000000,0.150000000,0.260000000,0.064000000,Reynolds_etal_2020_VizieR_J_MNRAS_493_5089,published_resolved_HI_asymmetry_proxy_only,reynolds2020_asymmetry_crossmatch_no_velocity_endpoint
VIVA,NGC4567,0.920000000,10.400000000,3,21,0.566000000,1.040000000,1.120000000,0.300000000,0.230000000,0.410000000,0.121000000,Reynolds_etal_2020_VizieR_J_MNRAS_493_5089,published_resolved_HI_asymmetry_proxy_only,reynolds2020_asymmetry_crossmatch_no_velocity_endpoint
VIVA,NGC4569,1.100000000,10.700000000,3,,0.314000000,1.130000000,1.240000000,0.250000000,0.270000000,,0.088000000,Reynolds_etal_2020_VizieR_J_MNRAS_493_5089,published_resolved_HI_asymmetry_proxy_only,reynolds2020_asymmetry_crossmatch_no_velocity_endpoint
VIVA,NGC4579,1.020000000,10.900000000,7,,0.156000000,1.160000000,1.080000000,0.150000000,0.180000000,,0.041000000,Reynolds_etal_2020_VizieR_J_MNRAS_493_5089,published_resolved_HI_asymmetry_proxy_only,reynolds2020_asymmetry_crossmatch_no_velocity_endpoint
VIVA,NGC4580,0.640000000,10.000000000,3,2,0.474000000,1.120000000,1.170000000,0.150000000,0.220000000,,0.063000000,Reynolds_etal_2020_VizieR_J_MNRAS_493_5089,published_resolved_HI_asymmetry_proxy_only,reynolds2020_asymmetry_crossmatch_no_velocity_endpoint
VIVA,NGC4606,1.080000000,9.800000000,1,22,0.936000000,1.240000000,,0.240000000,,,,Reynolds_etal_2020_VizieR_J_MNRAS_493_5089,published_resolved_HI_asymmetry_proxy_only,reynolds2020_asymmetry_crossmatch_no_velocity_endpoint
VIVA,NGC4607,1.020000000,9.600000000,2,34,1.654000000,1.150000000,1.010000000,0.160000000,0.030000000,,0.025000000,Reynolds_etal_2020_VizieR_J_MNRAS_493_5089,published_resolved_HI_asymmetry_proxy_only,reynolds2020_asymmetry_crossmatch_no_velocity_endpoint
VIVA,NGC4651,0.310000000,10.100000000,7,20,0.550000000,1.150000000,1.180000000,0.190000000,0.360000000,0.010000000,0.071000000,Reynolds_etal_2020_VizieR_J_MNRAS_493_5089,published_resolved_HI_asymmetry_proxy_only,reynolds2020_asymmetry_crossmatch_no_velocity_endpoint
VIVA,NGC4654,1.060000000,10.100000000,15,7,1.190000000,1.400000000,1.780000000,0.290000000,0.200000000,0.700000000,0.123000000,Reynolds_etal_2020_VizieR_J_MNRAS_493_5089,published_resolved_HI_asymmetry_proxy_only,reynolds2020_asymmetry_crossmatch_no_velocity_endpoint
VIVA,NGC4689,0.860000000,10.200000000,1,8,0.152000000,1.070000000,1.150000000,0.120000000,,,0.068000000,Reynolds_etal_2020_VizieR_J_MNRAS_493_5089,published_resolved_HI_asymmetry_proxy_only,reynolds2020_asymmetry_crossmatch_no_velocity_endpoint
VIVA,NGC4698,0.600000000,10.600000000,6,31,0.380000000,1.110000000,1.100000000,0.210000000,0.140000000,0.220000000,0.028000000,Reynolds_etal_2020_VizieR_J_MNRAS_493_5089,published_resolved_HI_asymmetry_proxy_only,reynolds2020_asymmetry_crossmatch_no_velocity_endpoint
VIVA,NGC4713,0.240000000,9.200000000,0,22,0.316000000,1.070000000,1.040000000,0.280000000,0.340000000,0.470000000,0.089000000,Reynolds_etal_2020_VizieR_J_MNRAS_493_5089,published_resolved_HI_asymmetry_proxy_only,reynolds2020_asymmetry_crossmatch_no_velocity_endpoint
VIVA,NGC4772,0.250000000,10.300000000,9,,0.224000000,1.150000000,1.150000000,0.340000000,0.570000000,0.400000000,0.037000000,Reynolds_etal_2020_VizieR_J_MNRAS_493_5089,published_resolved_HI_asymmetry_proxy_only,reynolds2020_asymmetry_crossmatch_no_velocity_endpoint
VIVA,NGC4808,0.190000000,9.500000000,1,19,0.356000000,1.040000000,1.130000000,0.270000000,0.320000000,,0.037000000,Reynolds_etal_2020_VizieR_J_MNRAS_493_5089,published_resolved_HI_asymmetry_proxy_only,reynolds2020_asymmetry_crossmatch_no_velocity_endpoint
HALOGAS,NGC2537,-1.420000000,9.000000000,2,17,0.202000000,1.200000000,1.270000000,0.150000000,0.020000000,0.270000000,0.044000000,Reynolds_etal_2020_VizieR_J_MNRAS_493_5089,published_resolved_HI_asymmetry_proxy_only,reynolds2020_asymmetry_crossmatch_no_velocity_endpoint
HALOGAS,NGC2541,-1.390000000,8.500000000,2,3,0.148000000,1.040000000,1.060000000,0.150000000,0.100000000,0.310000000,0.058000000,Reynolds_etal_2020_VizieR_J_MNRAS_493_5089,published_resolved_HI_asymmetry_proxy_only,reynolds2020_asymmetry_crossmatch_no_velocity_endpoint
HALOGAS,NGC3198,-0.820000000,9.600000000,3,1,0.086000000,1.070000000,1.030000000,0.140000000,0.120000000,,0.014000000,Reynolds_etal_2020_VizieR_J_MNRAS_493_5089,published_resolved_HI_asymmetry_proxy_only,reynolds2020_asymmetry_crossmatch_no_velocity_endpoint
HALOGAS,NGC4062,-0.720000000,8.700000000,3,1,0.092000000,1.080000000,1.060000000,0.050000000,0.090000000,0.410000000,0.010000000,Reynolds_etal_2020_VizieR_J_MNRAS_493_5089,published_resolved_HI_asymmetry_proxy_only,reynolds2020_asymmetry_crossmatch_no_velocity_endpoint
HALOGAS,NGC4244,-0.860000000,10.400000000,2,1,0.072000000,1.040000000,1.170000000,0.100000000,0.430000000,,0.029000000,Reynolds_etal_2020_VizieR_J_MNRAS_493_5089,published_resolved_HI_asymmetry_proxy_only,reynolds2020_asymmetry_crossmatch_no_velocity_endpoint
HALOGAS,NGC4258,-1.380000000,8.300000000,1,3,0.100000000,1.030000000,1.090000000,0.240000000,0.310000000,,0.036000000,Reynolds_etal_2020_VizieR_J_MNRAS_493_5089,published_resolved_HI_asymmetry_proxy_only,reynolds2020_asymmetry_crossmatch_no_velocity_endpoint
HALOGAS,NGC4274,-0.740000000,8.900000000,17,15,0.504000000,1.210000000,1.480000000,0.100000000,0.210000000,,0.040000000,Reynolds_etal_2020_VizieR_J_MNRAS_493_5089,published_resolved_HI_asymmetry_proxy_only,reynolds2020_asymmetry_crossmatch_no_velocity_endpoint
HALOGAS,NGC4414,-0.680000000,9.900000000,7,0,0.242000000,1.150000000,1.290000000,0.240000000,0.310000000,0.330000000,0.062000000,Reynolds_etal_2020_VizieR_J_MNRAS_493_5089,published_resolved_HI_asymmetry_proxy_only,reynolds2020_asymmetry_crossmatch_no_velocity_endpoint
HALOGAS,NGC4448,-0.980000000,10.700000000,6,,0.478000000,1.080000000,1.020000000,0.040000000,0.140000000,,0.020000000,Reynolds_etal_2020_VizieR_J_MNRAS_493_5089,published_resolved_HI_asymmetry_proxy_only,reynolds2020_asymmetry_crossmatch_no_velocity_endpoint
HALOGAS,NGC4559,-0.640000000,9.800000000,1,4,0.136000000,1.030000000,1.030000000,0.150000000,0.130000000,,0.025000000,Reynolds_etal_2020_VizieR_J_MNRAS_493_5089,published_resolved_HI_asymmetry_proxy_only,reynolds2020_asymmetry_crossmatch_no_velocity_endpoint
HALOGAS,NGC4565,-0.990000000,10.200000000,18,15,0.448000000,1.210000000,1.560000000,0.150000000,0.490000000,,0.039000000,Reynolds_etal_2020_VizieR_J_MNRAS_493_5089,published_resolved_HI_asymmetry_proxy_only,reynolds2020_asymmetry_crossmatch_no_velocity_endpoint
HALOGAS,NGC4631,-0.960000000,10.000000000,6,9,0.212000000,1.090000000,1.310000000,0.290000000,0.420000000,0.370000000,0.069000000,Reynolds_etal_2020_VizieR_J_MNRAS_493_5089,published_resolved_HI_asymmetry_proxy_only,reynolds2020_asymmetry_crossmatch_no_velocity_endpoint
HALOGAS,NGC5023,-1.410000000,11.000000000,1,6,0.066000000,1.030000000,1.060000000,0.050000000,0.050000000,,0.012000000,Reynolds_etal_2020_VizieR_J_MNRAS_493_5089,published_resolved_HI_asymmetry_proxy_only,reynolds2020_asymmetry_crossmatch_no_velocity_endpoint
HALOGAS,NGC5055,-1.340000000,,1,2,0.114000000,1.030000000,1.100000000,0.270000000,0.170000000,0.340000000,0.036000000,Reynolds_etal_2020_VizieR_J_MNRAS_493_5089,published_resolved_HI_asymmetry_proxy_only,reynolds2020_asymmetry_crossmatch_no_velocity_endpoint
HALOGAS,NGC5229,-1.450000000,10.300000000,1,8,0.190000000,1.090000000,1.080000000,0.050000000,0.160000000,0.150000000,0.024000000,Reynolds_etal_2020_VizieR_J_MNRAS_493_5089,published_resolved_HI_asymmetry_proxy_only,reynolds2020_asymmetry_crossmatch_no_velocity_endpoint
HALOGAS,NGC5585,-1.390000000,8.400000000,4,4,0.168000000,1.180000000,1.410000000,0.130000000,0.090000000,0.270000000,0.044000000,Reynolds_etal_2020_VizieR_J_MNRAS_493_5089,published_resolved_HI_asymmetry_proxy_only,reynolds2020_asymmetry_crossmatch_no_velocity_endpoint
HALOGAS,UGC4278,-1.420000000,7.800000000,5,4,0.182000000,1.140000000,1.200000000,0.070000000,0.300000000,0.250000000,0.035000000,Reynolds_etal_2020_VizieR_J_MNRAS_493_5089,published_resolved_HI_asymmetry_proxy_only,reynolds2020_asymmetry_crossmatch_no_velocity_endpoint
HALOGAS,UGC7774,-1.050000000,8.500000000,1,3,0.102000000,1.030000000,1.070000000,0.080000000,0.140000000,,0.012000000,Reynolds_etal_2020_VizieR_J_MNRAS_493_5089,published_resolved_HI_asymmetry_proxy_only,reynolds2020_asymmetry_crossmatch_no_velocity_endpoint
